Area,Room,Parking,Warehouse,Elevator,Address
63.0,1,1,1,1,Shahran
60.0,1,1,1,1,Shahran
79.0,2,1,1,1,Pardis
95.0,2,1,1,1,Shahrake Qods
123.0,2,1,1,1,Shahrake Gharb
70.0,2,1,1,0,North Program Organization
87.0,2,1,1,1,Pardis
59.0,1,1,1,1,Shahran
54.0,2,1,1,0,Andisheh
71.0,1,1,1,1,West Ferdows Boulevard
68.0,2,1,1,1,West Ferdows Boulevard
64.0,1,1,1,1,Narmak
54.0,1,0,1,1,Narmak
136.0,3,1,1,1,Saadat Abad
95.0,2,1,1,1,Zafar
63.0,1,0,1,0,Islamshahr
155.0,3,1,1,1,Narmak
64.0,2,0,1,0,Pirouzi
140.0,3,1,1,1,West Ferdows Boulevard
42.0,1,0,1,0,Pirouzi
93.0,2,1,1,1,Shahrake Gharb
87.0,2,1,1,1,Shahrake Shahid Bagheri
65.0,1,1,1,1,Shahran
99.0,2,1,1,1,Moniriyeh
105.0,2,1,1,1,Saadat Abad
160.0,3,1,1,1,Velenjak
77.0,2,1,1,1,Amirieh
123.0,2,1,1,1,Pirouzi
110.0,2,1,1,1,Southern Janatabad
100.0,2,1,1,1,West Ferdows Boulevard
90.0,2,0,1,0,Salsabil
49.0,1,1,1,1,West Ferdows Boulevard
96.0,2,1,1,1,Zargandeh
67.0,2,1,1,0,Feiz Garden
68.0,2,1,1,1,West Ferdows Boulevard
62.0,1,1,0,1,Water Organization
55.0,1,1,1,1,West Ferdows Boulevard
110.0,2,1,1,1,West Ferdows Boulevard
129.0,2,1,1,1,West Ferdows Boulevard
109.0,2,1,1,1,West Ferdows Boulevard
58.0,1,1,1,1,Saadat Abad
55.0,1,1,1,1,Saadat Abad
150.0,2,0,1,1,Shahrake Qods
60.0,2,1,1,1,
130.0,3,1,1,0,ShahrAra
88.0,2,1,1,1,Gisha
51.0,1,1,1,1,Gisha
113.0,3,1,1,0,Shahrake Gharb
110.0,2,1,1,1,Ray
60.0,1,1,1,1,Abbasabad
98.0,2,1,1,1,Pardis
62.0,2,0,0,1,Ostad Moein
150.0,3,1,1,1,Farmanieh
75.0,2,0,0,0,Parand
61.0,1,1,1,0,Punak
72.0,2,1,1,1,Shahran
100.0,2,1,1,1,Qasr-od-Dasht
122.0,3,1,1,1,Aqdasieh
215.0,3,1,1,1,Pakdasht
101.0,2,1,1,1,Railway
67.0,2,1,1,1,Punak
72.0,2,1,1,0,Punak
63.0,1,1,1,0,Punak
75.0,2,1,1,0,Punak
109.0,2,1,1,1,Shahran
122.0,2,1,1,1,Aqdasieh
70.0,1,1,1,1,Central Janatabad
60.0,1,1,1,1,West Ferdows Boulevard
53.0,1,1,1,0,East Ferdows Boulevard
90.0,1,0,1,0,Pakdasht KhatunAbad
72.0,2,1,1,1,Amirieh
74.0,2,1,1,1,Amirieh
88.0,3,0,0,1,Parand
63.0,1,1,1,1,Punak
114.0,3,1,1,1,Sattarkhan
151.0,3,1,1,1,Saadat Abad
42.0,1,1,0,1,Shahran
300.0,3,1,1,0,Baghestan
110.0,2,1,1,1,West Ferdows Boulevard
100.0,2,0,0,0,Shahrake Qods
140.0,1,0,0,0,Shahryar
70.0,2,1,1,1,Northern Janatabad
60.0,2,1,1,0,West Ferdows Boulevard
76.0,2,1,1,1,North Program Organization
148.0,3,1,1,1,Daryan No
75.0,2,1,1,1,North Program Organization
40.0,1,1,1,0,Pirouzi
65.0,2,1,1,1,Southern Program Organization
140.0,3,1,1,1,Rudhen
110.0,2,1,1,1,West Pars
70.0,2,1,0,1,Afsarieh
128.0,3,1,1,1,Marzdaran
94.0,2,1,1,1,Parand
67.0,1,1,1,1,Punak
75.0,1,1,1,1,Shahrake Qods
130.0,2,1,1,1,Dorous
40.0,0,0,0,0,Shahrake Qods
97.0,2,1,1,1,Pardis
110.0,2,1,1,1,Shahran
150.0,3,1,1,1,Sadeghieh
75.0,2,0,0,0,Chahardangeh
137.0,3,1,1,1,ShahrAra
85.0,2,1,1,1,Parand
68.0,2,0,1,0,Pakdasht
78.0,2,0,1,0,Baqershahr
85.0,2,1,1,1,Parand
100.0,2,1,1,0,Parand
71.0,2,1,1,1,Punak
140.0,3,1,1,1,Gisha
136.0,3,1,1,0,Parand
48.0,1,0,0,0,Jeyhoon
100.0,2,1,1,1,Lavizan
82.0,2,1,0,1,Shams Abad
120.0,3,1,1,1,Fatemi
139.0,3,1,1,1,Gisha
110.0,3,1,1,1,Keshavarz Boulevard
78.0,2,0,0,1,Parand
79.0,2,0,0,0,Baghestan
66.0,2,1,1,1,Salsabil
78.0,2,1,1,1,Kahrizak
85.0,2,1,1,1,Shahryar
100.0,2,1,1,0,Qarchak
80.0,2,1,1,1,Northren Jamalzadeh
44.0,1,1,1,0,Salsabil
120.0,2,1,1,0,Shahryar
50.0,1,0,1,0,Shahrake Qods
121.0,3,1,1,0,Ostad Moein
80.0,2,1,1,1,Azarbaijan
70.0,2,0,1,1,Bahar
160.0,1,0,0,0,Qarchak
40.0,0,0,0,0,Pakdasht
88.0,2,1,1,1,Railway
141.0,3,1,1,1,Persian Gulf Martyrs Lake
140.0,3,1,1,1,Persian Gulf Martyrs Lake
120.0,2,1,1,1,Persian Gulf Martyrs Lake
66.0,2,0,1,0,Beryanak
70.0,2,1,1,1,Punak
75.0,2,1,0,1,Heshmatieh
70.0,2,0,1,1,Elm-o-Sanat
150.0,3,1,1,1,Saadat Abad
95.0,2,1,1,1,Golestan
127.0,2,1,1,1,Southern Janatabad
123.0,3,1,1,1,Shahr-e-Ziba
63.0,2,1,1,1,Southern Janatabad
90.0,2,1,1,1,Punak
105.0,2,1,1,1,Pardis
180.0,3,1,1,1,Pasdaran
120.0,3,1,0,1,Pirouzi
65.0,2,1,1,1,Feiz Garden
158.0,3,1,1,1,Farmanieh
144.0,3,1,1,1,Chardivari
144.0,3,1,1,1,Punak
130.0,3,1,1,1,Gheitarieh
245.0,3,1,1,1,Farmanieh
190.0,3,1,1,1,Kamranieh
63.0,2,1,1,1,Central Janatabad
75.0,2,1,1,1,East Ferdows Boulevard
88.0,2,1,0,1,Gholhak
108.0,2,1,1,1,Pasdaran
117.0,2,1,1,1,Islamshahr
200.0,3,1,1,1,Pasdaran
65.0,1,1,1,0,Pirouzi
90.0,2,1,1,1,Central Janatabad
125.0,2,1,1,1,Heravi
140.0,3,1,1,1,Heravi
71.0,2,0,1,1,Hashemi
71.0,2,0,1,1,Jeyhoon
236.0,4,1,1,1,Gheitarieh
67.0,2,1,1,1,Central Janatabad
60.0,1,1,1,1,Punak
220.0,3,1,1,1,Heravi
44.0,1,1,1,0,Andisheh
68.0,1,1,1,1,Heravi
100.0,2,1,1,1,Pasdaran
86.0,2,1,1,1,Pardis
84.0,2,1,1,1,Pardis
94.0,2,1,1,1,Heravi
55.0,1,0,1,0,West Ferdows Boulevard
113.0,2,1,1,1,Saadat Abad
71.0,2,1,1,1,Islamshahr
70.0,2,1,1,0,Dehkade Olampic
200.0,3,1,1,1,Golestan
106.0,2,1,1,1,Golestan
320.0,4,1,1,1,Saadat Abad
114.0,2,1,1,1,West Pars
100.0,2,1,1,1,Punak
122.0,2,1,1,1,Saadat Abad
200.0,2,1,1,0,Damavand
154.0,3,1,1,1,Saadat Abad
210.0,3,1,1,1,Pasdaran
200.0,3,1,1,1,East Ferdows Boulevard
65.0,1,1,1,1,Southern Janatabad
124.0,3,1,1,1,Pirouzi
83.0,2,1,1,1,Republic
270.0,4,1,1,1,Farmanieh
104.0,2,1,1,1,East Ferdows Boulevard
150.0,3,1,1,1,Zaferanieh
103.0,3,1,1,1,West Ferdows Boulevard
48.0,1,1,1,1,West Ferdows Boulevard
165.0,3,1,1,1,Gheitarieh
135.0,2,1,1,0,Gheitarieh
86.0,2,1,1,1,Saadat Abad
75.0,2,1,1,1,East Ferdows Boulevard
58.0,1,1,1,1,East Ferdows Boulevard
125.0,2,1,1,1,Shahrake Gharb
82.0,2,1,1,1,Qazvin Imamzadeh Hassan
58.0,2,1,1,1,Shahran
101.0,2,1,1,1,Beryanak
90.0,2,1,1,1,Niavaran
180.0,3,1,1,1,Farmanieh
132.0,3,1,1,1,Gheitarieh
81.0,2,1,1,1,Valiasr
153.0,3,1,1,1,Pasdaran
166.0,3,1,1,1,Qalandari
200.0,3,1,1,1,Pasdaran
113.0,2,1,1,1,Pasdaran
100.0,2,1,1,1,Valiasr
80.0,2,1,1,1,Central Janatabad
76.0,2,1,1,1,Jeyhoon
128.0,3,1,1,1,Punak
210.0,3,1,1,1,Shahrake Gharb
140.0,2,1,1,1,Shahrake Gharb
74.0,2,1,1,1,Amir Bahador
75.0,1,1,1,1,Central Janatabad
120.0,2,1,1,1,Pasdaran
85.0,2,1,1,1,Ekhtiarieh
105.0,2,1,1,1,Pardis
175.0,3,1,1,1,Farmanieh
170.0,3,1,1,1,Farmanieh
58.0,1,1,1,1,Ekbatan
75.0,2,1,1,1,Parand
160.0,3,1,1,1,Gheitarieh
62.0,1,1,1,1,Shahran
93.0,2,1,1,1,Rudhen
75.0,2,1,1,1,Islamshahr
86.0,2,1,1,0,Islamshahr
120.0,2,1,1,1,Southern Program Organization
95.0,2,1,1,1,Andisheh
70.0,2,1,1,0,West Ferdows Boulevard
75.0,2,1,1,0,East Ferdows Boulevard
81.0,2,1,0,1,Pardis
65.0,1,1,1,0,West Ferdows Boulevard
75.0,2,1,1,1,East Ferdows Boulevard
106.0,2,1,1,0,East Ferdows Boulevard
115.0,2,1,1,1,East Ferdows Boulevard
100.0,2,1,1,1,Shahr-e-Ziba
118.0,2,1,1,1,East Ferdows Boulevard
116.0,2,1,1,1,East Ferdows Boulevard
76.0,2,1,1,1,Shahr-e-Ziba
74.0,2,1,1,0,East Ferdows Boulevard
96.0,2,1,1,1,Saadat Abad
87.0,2,1,1,1,Pardis
43.0,1,1,1,0,Northern Janatabad
155.0,3,1,1,1,Niavaran
53.0,1,1,1,1,East Ferdows Boulevard
160.0,3,1,1,1,Farmanieh
78.0,2,1,1,1,Shahr-e-Ziba
230.0,3,1,1,1,Niavaran
55.0,1,1,1,1,West Ferdows Boulevard
120.0,2,1,1,0,Saadat Abad
78.0,2,1,1,1,Southern Janatabad
95.0,2,1,1,1,Southern Janatabad
170.0,3,1,1,1,Gheitarieh
175.0,3,1,1,1,Shahrake Gharb
115.0,3,1,1,1,Punak
113.0,2,1,1,1,Punak
85.0,2,1,1,1,Punak
140.0,3,1,1,1,Saadat Abad
90.0,2,1,1,1,Saadat Abad
63.0,1,1,0,0,Punak
75.0,2,1,1,1,Central Janatabad
130.0,3,1,1,1,Punak
91.0,2,1,1,1,Punak
121.0,3,1,1,1,Persian Gulf Martyrs Lake
140.0,3,1,1,1,Saadat Abad
126.0,2,1,1,1,East Ferdows Boulevard
450.0,2,1,1,0,Absard
500.0,2,1,1,0,Absard
110.0,1,1,1,1,Pasdaran
145.0,3,1,1,1,Haft Tir
81.0,2,1,1,1,Shahrake Qods
64.0,2,1,1,1,Shahr-e-Ziba
112.0,2,1,1,1,Shahr-e-Ziba
192.0,3,1,1,1,Marzdaran
164.0,3,1,1,1,Marzdaran
135.0,3,1,1,1,Pasdaran
170.0,3,1,1,1,Mahallati
130.0,3,1,1,1,Mahallati
84.0,2,1,1,1,Shahran
82.0,2,1,1,1,Shahran
265.0,3,1,1,1,Farmanieh
60.0,1,1,1,1,Southern Janatabad
145.0,3,1,1,1,Pasdaran
65.0,1,0,1,1,Southern Janatabad
60.0,1,1,1,0,Southern Janatabad
70.0,2,1,1,1,Southern Janatabad
92.0,2,1,1,1,Feiz Garden
98.0,2,1,1,1,Pasdaran
62.0,1,1,1,1,Southern Janatabad
65.0,1,1,1,1,Punak
90.0,2,1,1,1,Ozgol
59.0,2,1,1,1,Southern Janatabad
60.0,2,1,1,1,Southern Janatabad
70.0,2,1,1,1,Southern Janatabad
60.0,1,1,1,1,Southern Janatabad
165.0,3,1,1,1,Pasdaran
135.0,2,1,1,1,Zaferanieh
65.0,1,1,1,1,Southern Janatabad
60.0,1,1,1,1,Southern Janatabad
86.0,2,1,1,1,Southern Janatabad
109.0,2,1,1,1,Heravi
98.0,2,1,1,0,Narmak
80.0,2,1,1,1,Central Janatabad
143.0,3,1,1,1,Gheitarieh
95.0,2,1,1,1,Saadat Abad
86.0,2,1,1,1,Punak
160.0,3,1,1,1,Gheitarieh
200.0,3,1,1,1,Pasdaran
74.0,1,1,1,1,Punak
350.0,3,1,1,1,Zaferanieh
87.0,2,1,1,1,Northern Janatabad
82.0,2,1,1,1,West Ferdows Boulevard
55.0,1,1,1,1,Shahr-e-Ziba
148.0,3,1,1,1,Ekhtiarieh
55.0,1,1,0,1,Shahr-e-Ziba
100.0,2,1,1,0,Southern Janatabad
130.0,3,1,1,1,Central Janatabad
335.0,4,1,1,1,Saadat Abad
320.0,4,1,1,1,Saadat Abad
192.0,3,1,1,1,Saadat Abad
100.0,2,1,1,1,Gheitarieh
148.0,3,1,1,1,Saadat Abad
145.0,2,1,1,1,Shahrake Gharb
192.0,4,1,1,1,Saadat Abad
235.0,3,1,1,1,North Program Organization
225.0,3,1,1,1,Heravi
221.0,4,1,1,1,Saadat Abad
312.0,4,1,1,1,Farmanieh
188.0,3,1,1,1,Ozgol
170.0,2,1,1,1,Farmanieh
198.0,3,1,1,1,Farmanieh
80.0,2,1,1,1,North Program Organization
170.0,3,1,1,1,Niavaran
110.0,2,1,1,1,Tajrish
200.0,3,1,1,1,Saadat Abad
101.0,3,1,1,1,Ekhtiarieh
104.0,2,1,1,1,Feiz Garden
70.0,2,1,1,1,Northern Janatabad
76.0,2,1,1,0,Shahr-e-Ziba
110.0,2,1,1,1,Feiz Garden
160.0,2,1,1,1,Pasdaran
179.0,3,1,1,1,Dorous
256.0,3,1,1,1,Dorous
90.0,2,1,1,1,Feiz Garden
77.0,2,1,1,1,Shahr-e-Ziba
96.0,2,1,1,1,Pasdaran
75.0,1,1,1,1,Central Janatabad
79.0,2,1,1,1,Abazar
67.0,1,1,1,1,Saadat Abad
125.0,2,1,1,1,Shahr-e-Ziba
75.0,2,1,1,0,Shahr-e-Ziba
91.0,2,1,1,1,Saadat Abad
105.0,2,1,1,1,Parand
66.0,2,1,1,1,Ostad Moein
86.0,2,1,1,1,Southern Janatabad
72.0,2,1,1,0,Northern Janatabad
148.0,2,1,0,1,Koohsar
84.0,2,1,1,1,Saadat Abad
128.0,2,1,1,1,Niavaran
65.0,1,1,1,1,West Ferdows Boulevard
140.0,3,1,1,1,Pasdaran
115.0,2,1,1,1,Ekhtiarieh
105.0,2,1,1,1,Saadat Abad
87.0,2,1,1,1,Pardis
60.0,1,1,1,1,Persian Gulf Martyrs Lake
68.0,1,1,1,1,Southern Program Organization
103.0,2,1,1,1,Hekmat
55.0,1,1,1,1,West Ferdows Boulevard
140.0,3,1,1,1,Punak
257.0,4,1,1,1,Persian Gulf Martyrs Lake
82.0,2,1,1,1,Punak
167.0,3,1,1,1,Punak
53.0,1,0,1,0,West Ferdows Boulevard
51.0,1,0,1,0,West Ferdows Boulevard
54.0,1,1,1,0,West Ferdows Boulevard
82.0,2,1,1,1,Sattarkhan
75.0,2,1,1,1,West Ferdows Boulevard
98.0,2,1,1,1,West Ferdows Boulevard
70.0,1,1,1,1,Niavaran
64.0,1,1,1,1,Ekbatan
85.0,2,1,1,1,Jeyhoon
48.0,1,0,1,0,Parastar
246.0,3,1,1,1,Ekhtiarieh
168.0,3,1,1,1,Gheitarieh
280.0,4,1,1,1,Saadat Abad
84.0,2,1,1,1,Pardis
108.0,2,1,1,1,Gisha
62.0,1,1,1,1,Shahr-e-Ziba
70.0,2,1,1,1,Southern Janatabad
135.0,3,1,1,1,Abazar
108.0,2,1,1,1,Farmanieh
91.0,2,1,1,1,Ekhtiarieh
120.0,2,1,1,1,Gheitarieh
112.0,2,1,1,0,Gheitarieh
69.0,2,1,1,1,Pirouzi
400.0,5,1,1,0,Lavasan
660.0,5,1,1,0,Lavasan
66.0,1,1,0,1,Pirouzi
80.0,2,1,1,1,Ostad Moein
44.0,1,1,1,0,Pirouzi
180.0,3,1,1,1,East Ferdows Boulevard
164.0,3,1,1,1,East Ferdows Boulevard
213.0,3,1,1,1,East Ferdows Boulevard
100.0,2,1,1,1,Shahr-e-Ziba
300.0,3,1,1,1,Niavaran
126.0,3,1,1,1,Ostad Moein
85.0,2,1,1,1,Majidieh
57.0,1,0,1,1,Parastar
61.0,1,0,1,0,Shahr-e-Ziba
79.0,2,1,1,1,Jeyhoon
68.0,1,1,1,1,Pirouzi
105.0,2,1,1,1,Pardis
105.0,2,1,1,1,Saadat Abad
160.0,2,1,1,1,Pardis
100.0,2,1,1,1,Pardis
125.0,3,1,1,1,Saadat Abad
94.0,2,1,0,1,Pardis
80.0,2,0,1,0,Northern Janatabad
75.0,2,1,0,1,Parastar
99.0,3,1,1,1,North Program Organization
90.0,2,1,1,1,Shahr-e-Ziba
129.0,3,1,1,1,Shahr-e-Ziba
245.0,3,1,1,1,Aqdasieh
102.0,2,1,1,0,Parastar
141.0,3,1,1,1,Pakdasht
96.0,2,1,1,1,Shahr-e-Ziba
155.0,3,1,1,1,Heravi
300.0,3,1,1,1,Farmanieh
87.0,2,1,1,1,Gheitarieh
105.0,2,1,1,1,Gheitarieh
61.0,1,1,1,1,Shahran
88.0,2,1,1,1,East Ferdows Boulevard
101.0,2,1,1,1,West Ferdows Boulevard
130.0,2,1,1,1,Southern Chitgar
150.0,3,1,1,1,Karimkhan
144.0,2,1,1,1,Railway
91.0,2,1,1,1,Southern Janatabad
68.0,2,1,1,1,West Ferdows Boulevard
133.0,3,1,1,1,Rudhen
71.0,2,1,1,1,Si Metri Ji
64.0,1,1,1,1,Pardis
132.0,2,1,1,1,Rudhen
95.0,2,1,1,1,Abazar
95.0,2,1,1,1,Abazar
102.0,2,1,1,1,Abazar
120.0,2,1,1,1,Abazar
117.0,3,1,1,1,East Ferdows Boulevard
55.0,1,1,1,1,Karoon
60.0,1,1,1,1,Northern Chitgar
85.0,2,1,1,1,Jeyhoon
80.0,2,0,1,1,Jeyhoon
54.0,1,1,1,1,Jeyhoon
57.0,1,1,1,1,Feiz Garden
101.0,2,1,0,1,Pirouzi
65.0,2,1,1,0,Feiz Garden
91.0,2,1,1,1,Punak
105.0,2,1,1,1,Pardis
86.0,2,1,1,1,Central Janatabad
200.0,3,1,1,1,Farmanieh
87.0,2,1,1,1,Pardis
103.0,2,1,1,1,Shahran
81.0,2,1,1,1,East Pars
73.0,2,1,1,1,Feiz Garden
90.0,2,1,1,1,Northern Chitgar
134.0,3,1,1,1,Andisheh
51.0,1,1,1,0,Shahran
108.0,2,1,1,0,Pardis
86.0,2,1,1,1,Pardis
110.0,2,1,1,0,Pardis
88.0,2,1,1,1,Pardis
85.0,2,1,1,1,Pardis
100.0,2,1,1,1,Pirouzi
87.0,2,1,1,1,Pardis
191.0,3,1,1,1,Farmanieh
91.0,2,1,1,1,Salsabil
282.0,3,1,1,1,Farmanieh
282.0,2,1,1,1,Niavaran
210.0,3,1,1,1,Farmanieh
170.0,2,1,1,1,Kook
89.0,2,1,1,1,Moniriyeh
64.0,2,1,1,1,Saadat Abad
89.0,2,1,1,1,Northern Janatabad
135.0,3,1,1,1,Zaferanieh
75.0,2,0,0,0,Air force
105.0,2,1,1,1,Air force
111.0,2,1,1,1,Saadat Abad
133.0,3,1,1,1,Sohanak
65.0,1,1,1,0,Saadat Abad
65.0,1,0,1,1,Lavizan
112.0,2,1,1,1,Gheitarieh
147.0,3,1,1,1,Ekhtiarieh
150.0,3,1,1,1,Saadat Abad
67.0,1,1,1,1,Southern Janatabad
220.0,3,1,1,1,Ekhtiarieh
66.0,2,1,1,1,Narmak
75.0,2,1,1,0,Shahr-e-Ziba
180.0,3,1,1,1,Aqdasieh
103.0,2,1,1,1,Saadat Abad
68.0,1,1,1,1,West Ferdows Boulevard
115.0,2,1,1,1,Pasdaran
115.0,2,1,1,1,Andisheh
150.0,3,1,1,1,Narmak
78.0,2,1,1,1,Qasr-od-Dasht
100.0,2,1,1,1,Persian Gulf Martyrs Lake
58.0,1,1,1,1,Punak
90.0,2,1,1,1,Punak
235.0,3,1,1,1,Gheitarieh
48.0,1,1,1,1,Punak
70.0,2,1,1,1,Punak
86.0,2,1,1,1,Punak
88.0,2,1,1,1,Central Janatabad
145.0,3,1,1,1,Qalandari
64.0,2,1,1,0,Jeyhoon
135.0,3,1,1,1,Saadat Abad
50.0,1,0,1,0,Pirouzi
87.0,2,1,1,1,Pardis
84.0,2,1,1,1,Pardis
300.0,4,1,1,1,Zaferanieh
137.0,3,1,1,1,Zaferanieh
105.0,2,1,1,1,Velenjak
145.0,2,1,1,1,Zaferanieh
170.0,2,1,1,1,Zaferanieh
157.0,3,1,1,1,Zaferanieh
170.0,3,1,1,1,Zaferanieh
283.0,3,1,1,1,Zaferanieh
84.0,2,1,1,1,Pardis
,2,1,1,1,Ostad Moein
80.0,2,1,1,0,Northern Janatabad
125.0,2,1,1,1,Kamranieh
65.0,2,1,1,1,Punak
105.0,2,1,1,1,Southern Janatabad
170.0,3,1,1,1,Farmanieh
230.0,3,1,1,1,Ekhtiarieh
200.0,3,1,1,1,Pasdaran
150.0,3,1,1,1,Pasdaran
93.0,2,1,1,1,Central Janatabad
110.0,2,1,1,1,Central Janatabad
415.0,5,1,1,1,Niavaran
95.0,2,1,1,1,Saadat Abad
128.0,3,1,1,1,Ekhtiarieh
140.0,2,1,1,1,Saadat Abad
86.0,2,1,1,1,Southern Janatabad
70.0,2,1,1,1,Saadat Abad
173.0,3,1,1,1,East Ferdows Boulevard
72.0,2,1,1,1,Southern Janatabad
73.0,2,1,1,1,Saadat Abad
75.0,1,1,1,1,Central Janatabad
67.0,2,1,1,1,West Ferdows Boulevard
68.0,2,1,1,1,East Ferdows Boulevard
88.0,2,1,1,1,Pardis
111.0,2,1,1,1,Saadat Abad
98.0,2,1,1,0,West Ferdows Boulevard
62.0,2,1,1,1,West Ferdows Boulevard
80.0,2,1,1,1,Central Janatabad
200.0,4,1,1,1,Saadat Abad
210.0,4,1,1,1,Saadat Abad
162.0,3,1,1,1,Shahrake Gharb
150.0,3,1,1,1,Ekhtiarieh
82.0,2,1,1,1,Pardis
130.0,3,1,1,1,Pasdaran
76.0,2,1,1,1,Saadat Abad
96.0,2,1,1,1,Shahrake Gharb
135.0,3,1,0,1,Saadat Abad
165.0,3,1,1,1,Shahrake Gharb
120.0,2,1,1,1,Shahrake Qods
160.0,2,1,1,1,Pardis
150.0,3,1,1,1,Gheitarieh
51.0,1,0,1,1,Pirouzi
75.0,1,1,1,1,Ekhtiarieh
180.0,3,1,1,1,East Ferdows Boulevard
93.0,2,1,1,1,Shahrake Qods
84.0,2,1,1,1,Shahrake Qods
92.0,2,0,1,1,Shahrake Qods
105.0,2,1,1,1,Shahrake Qods
67.0,2,1,1,0,Central Janatabad
100.0,2,1,1,1,Ekhtiarieh
170.0,3,1,1,1,Pasdaran
162.0,3,1,1,1,Pasdaran
43.0,1,1,1,1,Shahran
150.0,3,1,1,1,Gheitarieh
245.0,3,1,1,1,Farmanieh
93.0,2,1,1,1,Northern Janatabad
60.0,1,1,1,1,Persian Gulf Martyrs Lake
128.0,3,1,1,1,Gheitarieh
87.0,2,1,1,1,Pardis
100.0,2,1,1,1,Heravi
124.0,2,1,1,1,Heravi
156.0,3,1,1,1,Abazar
171.0,3,1,1,1,Gheitarieh
58.0,2,1,1,0,Central Janatabad
88.0,2,1,1,1,Amirieh
190.0,3,1,1,1,Niavaran
61.0,1,1,1,0,Central Janatabad
165.0,3,1,1,1,Niavaran
235.0,3,1,1,1,Gheitarieh
87.0,2,1,1,1,Pardis
121.0,3,1,1,1,Pardis
105.0,2,1,1,1,Pardis
100.0,3,1,1,1,Pardis
105.0,2,1,1,1,Pardis
69.0,2,1,1,1,Shahr-e-Ziba
115.0,2,1,1,1,Shahrake Gharb
157.0,3,1,1,1,Shahrake Gharb
145.0,3,1,1,1,Heravi
160.0,3,1,1,1,Velenjak
261.0,4,1,1,1,Zaferanieh
145.0,3,1,1,1,Zaferanieh
51.0,1,0,1,1,Pirouzi
87.0,2,1,1,1,Pardis
116.0,2,1,1,1,Dehkade Olampic
95.0,2,1,1,1,Jeyhoon
75.0,2,1,1,1,Jeyhoon
86.0,2,1,1,1,Komeil
95.0,2,1,1,1,Punak
85.0,2,1,1,1,
88.0,2,1,1,1,Valiasr
93.0,2,1,1,1,Amir Bahador
70.0,2,1,1,1,Amirieh
140.0,3,1,1,1,Saadat Abad
81.0,2,1,1,1,Central Janatabad
45.0,1,0,0,0,Ostad Moein
58.0,1,1,1,0,Punak
140.0,3,1,1,1,Dehkade Olampic
100.0,2,1,1,1,Kook
96.0,2,1,1,1,Azadshahr
79.0,2,1,1,1,East Ferdows Boulevard
125.0,3,1,1,1,Persian Gulf Martyrs Lake
75.0,2,1,1,1,Northern Janatabad
145.0,2,1,1,1,Azadshahr
102.0,2,1,1,0,Railway
115.0,2,1,1,1,Zibadasht
140.0,3,1,1,1,Persian Gulf Martyrs Lake
66.0,1,1,1,1,Punak
161.0,3,1,1,1,Persian Gulf Martyrs Lake
102.0,2,1,1,1,Persian Gulf Martyrs Lake
145.0,4,1,1,1,Persian Gulf Martyrs Lake
95.0,2,1,1,1,Shahr-e-Ziba
78.0,2,1,1,1,Parand
90.0,2,1,1,1,East Ferdows Boulevard
66.0,1,1,1,0,Ostad Moein
48.0,1,1,1,1,Jeyhoon
85.0,2,1,1,1,Shahran
63.0,1,1,1,1,Salsabil
105.0,2,1,1,1,Dehkade Olampic
55.0,1,1,1,0,Komeil
103.0,2,1,1,1,Northern Chitgar
155.0,3,1,1,1,Shahrake Gharb
101.0,2,1,1,1,Southern Chitgar
106.0,2,1,1,0,Islamshahr
100.0,2,1,1,1,Persian Gulf Martyrs Lake
77.0,2,1,1,1,Shahran
66.0,2,1,1,1,Central Janatabad
105.0,3,1,1,1,Shahr-e-Ziba
117.0,2,1,1,1,
118.0,2,1,1,1,Shahran
151.0,3,1,1,1,Shahrake Qods
,3,1,1,1,Pasdaran
86.0,2,1,1,1,Pardis
85.0,2,1,1,1,Pardis
86.0,2,1,1,1,Pardis
86.0,2,1,1,1,Pardis
75.0,2,1,1,1,Central Janatabad
200.0,3,1,1,1,Farmanieh
46.0,1,1,1,0,Andisheh
98.0,2,1,1,1,Pardis
90.0,2,1,1,1,Zaferanieh
70.0,2,1,1,1,Southern Janatabad
40.0,1,1,1,1,Andisheh
58.0,1,1,1,1,North Program Organization
90.0,2,1,1,1,Amirabad
78.0,2,1,1,1,East Ferdows Boulevard
200.0,3,1,1,1,Niavaran
82.0,2,1,1,1,Dorous
115.0,3,1,1,1,Gheitarieh
125.0,2,1,1,1,Dezashib
107.0,2,1,1,1,Pasdaran
55.0,1,0,1,0,Karoon
50.0,1,1,1,1,Salsabil
75.0,2,1,1,1,Pardis
420.0,5,1,1,0,Andisheh
225.0,4,1,1,0,Andisheh
230.0,3,1,1,1,Heravi
147.0,3,1,1,1,Elahieh
97.0,2,1,1,1,Pardis
145.0,3,1,1,1,Dezashib
50.0,1,1,1,0,Narmak
117.0,2,1,1,1,Heravi
72.0,1,1,1,0,Andisheh
161.0,3,1,1,1,Dorous
400.0,5,1,1,1,Ekhtiarieh
230.0,3,1,1,1,Farmanieh
170.0,3,1,1,1,Heravi
58.0,1,1,1,1,West Ferdows Boulevard
57.0,1,1,1,1,Shahran
115.0,3,1,1,1,Farmanieh
50.0,1,1,1,1,Pirouzi
84.0,2,1,1,0,Parand
78.0,2,0,1,0,Shahrake Qods
64.0,2,1,1,0,Andisheh
113.0,2,1,1,1,Punak
175.0,3,1,1,1,Heravi
111.0,2,1,1,1,Heravi
128.0,3,1,1,1,Heravi
200.0,4,1,1,1,Gheitarieh
131.0,2,1,1,1,Saadat Abad
105.0,3,1,1,1,Heravi
61.0,2,1,1,0,Salsabil
140.0,3,1,1,1,Ozgol
185.0,3,1,1,1,Zargandeh
122.0,2,1,1,1,Saadat Abad
69.0,2,1,1,1,Mirdamad
95.0,2,1,1,1,Punak
90.0,2,1,1,1,Abbasabad
57.0,1,1,1,1,Ostad Moein
400.0,3,1,1,0,Amirabad
81.0,2,1,1,0,Andisheh
94.0,2,1,1,1,Andisheh
134.0,2,1,1,1,Kahrizak
74.0,2,0,0,1,Parand
44.0,1,1,1,0,Andisheh
100.0,2,1,1,1,Qasr-od-Dasht
175.0,3,1,1,1,Shahrake Gharb
54.0,2,1,1,0,Shahran
96.0,2,1,1,1,Amirieh
90.0,2,1,1,1,Karoon
90.0,2,1,1,1,Shahran
68.0,2,0,0,0,Karoon
90.0,2,1,1,1,Shahran
97.0,2,1,1,1,Punak
78.0,2,1,1,0,Punak
125.0,3,1,1,1,Shahran
97.0,2,1,1,1,Farmanieh
100.0,2,1,1,1,Farmanieh
63.0,2,1,1,1,Feiz Garden
57.0,1,1,1,1,Punak
80.0,2,1,1,1,Razi
88.0,2,1,1,1,Razi
94.0,2,1,1,1,Razi
109.0,3,1,1,1,Feiz Garden
78.0,2,1,1,1,Heravi
250.0,3,1,1,1,Niavaran
140.0,3,1,1,1,Heravi
100.0,2,1,1,1,Pardis
95.0,2,1,1,1,Shahr-e-Ziba
85.0,2,1,1,1,Parand
83.0,2,1,1,1,East Pars
100.0,2,1,1,1,Pasdaran
60.0,2,1,1,1,Pasdaran
82.0,2,1,1,1,Narmak
150.0,3,1,1,1,Beryanak
49.0,1,1,1,0,Islamshahr
216.0,4,1,1,0,Andisheh
,2,1,1,0,Damavand
77.0,2,0,0,0,Parand
63.0,1,1,1,1,Shahr-e-Ziba
125.0,3,1,1,0,Parand
45.0,1,1,1,1,East Ferdows Boulevard
135.0,3,1,1,1,Qalandari
80.0,2,1,0,1,Qalandari
155.0,3,1,1,1,Gheitarieh
125.0,3,1,1,1,Punak
95.0,2,1,1,1,Qalandari
85.0,2,1,1,1,Qalandari
110.0,2,1,1,1,Qalandari
680.0,5,1,1,0,Ekhtiarieh
63.0,1,1,1,1,Shahr-e-Ziba
60.0,1,1,1,1,Saadat Abad
210.0,3,1,1,1,Gheitarieh
145.0,3,1,1,1,Gheitarieh
171.0,3,1,1,1,Jordan
55.0,1,1,1,1,East Ferdows Boulevard
140.0,3,1,1,1,Jordan
147.0,3,1,1,1,Jordan
83.0,2,1,1,1,Shahr-e-Ziba
105.0,2,1,1,1,Pardis
55.0,1,1,1,1,East Ferdows Boulevard
750.0,5,1,1,1,Mahmoudieh
62.0,2,1,1,1,Punak
55.0,1,1,1,1,Persian Gulf Martyrs Lake
75.0,2,1,1,0,West Ferdows Boulevard
95.0,2,1,1,1,West Ferdows Boulevard
89.0,2,1,1,1,Central Janatabad
202.0,3,1,1,1,Air force
51.0,1,1,1,0,Southern Janatabad
400.0,1,1,0,0,Shahedshahr
145.0,3,1,1,1,Punak
115.0,3,1,1,1,Punak
130.0,3,1,1,1,Shahrake Gharb
62.0,1,0,1,0,Qasr-od-Dasht
94.0,2,1,1,1,Shahr-e-Ziba
87.0,2,1,1,1,Pardis
51.0,2,0,1,1,Komeil
95.0,2,1,1,1,Shahr-e-Ziba
80.0,2,1,1,1,Jeyhoon
145.0,3,1,1,1,Punak
155.0,3,1,1,1,Shahrake Gharb
88.0,2,1,1,1,Ekbatan
175.0,3,1,1,1,Gheitarieh
94.0,2,1,1,1,Shahran
89.0,2,1,1,1,Ekhtiarieh
62.0,2,1,1,0,Pasdaran
136.0,3,1,1,1,Punak
60.0,1,1,1,1,Feiz Garden
120.0,3,1,1,1,Southern Janatabad
137.0,3,1,1,1,Pakdasht
160.0,3,1,1,1,Shahrake Gharb
110.0,2,1,1,1,Saadat Abad
71.0,2,1,1,0,Andisheh
80.0,2,1,1,0,Andisheh
84.0,3,1,1,1,Andisheh
77.0,2,1,1,1,Gheitarieh
74.0,2,1,1,1,Shahran
130.0,3,1,1,1,Shahr-e-Ziba
70.0,2,1,1,1,Southern Janatabad
75.0,2,0,1,1,Parand
83.0,2,1,0,1,Pasdaran
65.0,1,1,1,1,Central Janatabad
62.0,1,0,1,0,Qasr-od-Dasht
140.0,3,1,1,1,Southern Chitgar
235.0,3,1,1,1,Gheitarieh
102.0,2,1,1,1,Gheitarieh
138.0,3,1,1,1,Kahrizak
49.0,1,1,1,0,Andisheh
250.0,3,1,1,0,Niavaran
48.0,1,1,1,0,Salsabil
68.0,2,1,1,0,Pirouzi
128.0,3,1,1,1,Marzdaran
60.0,1,1,1,1,Pirouzi
85.0,2,1,1,1,Northern Janatabad
85.0,2,1,1,1,Islamshahr
78.0,2,1,0,0,Islamshahr
38.0,1,1,1,0,Pirouzi
92.0,2,1,0,1,Pirouzi
95.0,2,1,1,1,Shahran
105.0,3,1,1,1,East Ferdows Boulevard
92.0,2,0,0,1,Pardis
76.0,2,1,1,0,West Ferdows Boulevard
85.0,2,1,1,1,Yaftabad
161.0,3,1,1,1,Gheitarieh
50.0,1,1,0,1,Ray
78.0,2,1,1,1,West Ferdows Boulevard
54.0,1,1,1,1,East Ferdows Boulevard
100.0,2,1,1,1,Shahr-e-Ziba
100.0,2,1,1,1,East Ferdows Boulevard
110.0,3,1,1,1,Jeyhoon
57.0,1,1,1,1,East Ferdows Boulevard
63.0,2,1,1,0,Andisheh
100.0,2,1,1,1,Ostad Moein
80.0,1,0,1,0,Shahrake Qods
115.0,2,1,1,1,East Ferdows Boulevard
68.0,1,1,1,0,West Ferdows Boulevard
48.0,1,1,1,0,West Ferdows Boulevard
75.0,2,1,1,0,West Ferdows Boulevard
115.0,2,1,1,1,Shahran
106.0,2,1,1,1,East Ferdows Boulevard
56.0,1,1,1,1,East Ferdows Boulevard
58.0,1,1,1,1,East Ferdows Boulevard
95.0,2,1,1,1,Central Janatabad
50.0,1,1,1,1,West Ferdows Boulevard
60.0,2,1,1,0,Central Janatabad
60.0,1,1,1,1,East Ferdows Boulevard
92.0,2,1,1,0,Mehran
57.0,1,1,1,1,West Ferdows Boulevard
72.0,2,1,1,0,West Ferdows Boulevard
71.0,2,1,1,0,East Ferdows Boulevard
123.0,2,1,1,1,Northren Jamalzadeh
50.0,1,1,1,1,West Ferdows Boulevard
58.0,1,1,1,1,Shahr-e-Ziba
54.0,1,1,1,1,East Ferdows Boulevard
85.0,2,1,1,1,Shahr-e-Ziba
85.0,2,1,1,1,West Ferdows Boulevard
125.0,3,0,1,1,Nasim Shahr
55.0,1,1,1,1,East Ferdows Boulevard
72.0,2,1,1,1,West Ferdows Boulevard
115.0,2,1,1,1,East Ferdows Boulevard
100.0,2,1,1,1,West Ferdows Boulevard
116.0,2,1,1,1,Persian Gulf Martyrs Lake
105.0,2,1,1,1,Persian Gulf Martyrs Lake
60.0,1,1,1,0,East Ferdows Boulevard
53.0,1,1,1,1,Feiz Garden
55.0,1,1,1,1,East Ferdows Boulevard
76.0,2,1,1,1,East Ferdows Boulevard
111.0,3,1,1,1,Persian Gulf Martyrs Lake
77.0,2,1,1,1,Golestan
58.0,1,1,1,1,East Ferdows Boulevard
94.0,2,1,1,0,Southern Program Organization
58.0,1,1,1,1,Shahr-e-Ziba
108.0,2,1,1,1,Golestan
56.0,1,1,1,1,Feiz Garden
84.0,2,1,1,1,North Program Organization
60.0,2,1,1,1,Azarbaijan
53.0,1,0,1,1,Pardis
73.0,2,1,1,1,Pirouzi
73.0,2,0,0,1,Pirouzi
150.0,3,1,1,1,Pirouzi
114.0,2,1,1,1,Pirouzi
53.0,1,0,1,1,Pardis
125.0,3,1,1,1,Pirouzi
145.0,3,1,1,1,Gheitarieh
197.0,3,1,1,1,Dezashib
105.0,2,1,1,1,Koohsar
135.0,3,1,1,1,Tenant
137.0,3,1,1,1,Shams Abad
90.0,2,1,1,0,Central Janatabad
125.0,2,1,1,1,Southern Janatabad
175.0,3,1,1,1,Gheitarieh
52.0,1,1,1,1,East Ferdows Boulevard
110.0,3,1,1,1,Persian Gulf Martyrs Lake
112.0,2,1,0,1,Persian Gulf Martyrs Lake
65.0,2,1,1,1,Shahran
48.0,1,1,1,1,Andisheh
105.0,2,1,1,1,Persian Gulf Martyrs Lake
56.0,1,1,1,1,Shahr-e-Ziba
108.0,2,1,1,1,Golestan
78.0,2,1,1,1,Southern Janatabad
85.0,2,1,1,1,Parand
105.0,2,1,1,1,Pardis
145.0,3,1,1,1,Saadat Abad
145.0,3,1,1,1,Punak
140.0,3,1,1,1,Punak
66.0,2,1,1,1,Ostad Moein
150.0,2,0,1,1,Chardangeh
98.0,2,1,1,1,Central Janatabad
108.0,2,1,1,1,Persian Gulf Martyrs Lake
95.0,2,1,1,1,Ostad Moein
64.0,1,0,0,1,Fallah
75.0,1,1,0,1,Fallah
90.0,2,1,1,1,Persian Gulf Martyrs Lake
93.0,2,1,1,1,Fallah
148.0,3,1,1,1,Persian Gulf Martyrs Lake
64.0,1,0,1,0,Eskandari
114.0,2,1,1,1,Persian Gulf Martyrs Lake
107.0,2,1,1,1,Persian Gulf Martyrs Lake
113.0,2,1,1,1,Persian Gulf Martyrs Lake
115.0,2,1,1,1,Gheitarieh
115.0,2,1,1,1,Persian Gulf Martyrs Lake
120.0,2,1,1,1,Gholhak
76.0,2,1,1,1,Central Janatabad
106.0,2,1,1,1,North Program Organization
105.0,2,1,1,1,Gheitarieh
87.0,2,0,0,1,Ray
68.0,2,1,1,1,Ostad Moein
70.0,2,1,1,1,Punak
165.0,3,1,1,1,Ostad Moein
365.0,4,1,1,1,Dorous
175.0,3,1,1,1,Pasdaran
70.0,2,1,1,1,Saadat Abad
165.0,3,1,1,1,Marzdaran
115.0,2,1,1,1,Central Janatabad
93.0,2,1,0,1,Shahr-e-Ziba
181.0,3,1,1,1,Marzdaran
175.0,3,1,1,1,Marzdaran
146.0,3,1,1,1,Marzdaran
135.0,3,1,1,1,Marzdaran
50.0,1,1,1,1,Southern Program Organization
110.0,2,1,1,1,Pardis
108.0,2,1,1,1,Mahallati
121.0,3,1,1,1,Pardis
220.0,3,1,1,1,Elahieh
240.0,4,1,1,1,Elahieh
90.0,2,1,1,1,Shahrakeh Naft
117.0,2,1,1,1,Niavaran
142.0,3,1,1,1,Punak
55.0,1,1,1,0,West Ferdows Boulevard
85.0,2,1,1,1,Shahran
162.0,3,1,1,1,Niavaran
100.0,2,1,1,1,Ajudaniye
165.0,3,1,1,1,Shahrake Gharb
150.0,3,1,1,1,Niavaran
83.0,2,1,1,1,Qazvin Imamzadeh Hassan
200.0,3,1,0,1,West Pars
95.0,2,1,1,1,Abazar
82.0,2,1,1,1,Persian Gulf Martyrs Lake
112.0,3,1,1,1,Shahran
96.0,2,1,1,1,Northern Janatabad
86.0,3,1,1,1,Parand
105.0,2,1,1,1,Pardis
115.0,2,1,1,1,Ostad Moein
87.0,2,1,1,1,Shahr-e-Ziba
165.0,3,1,1,1,Farmanieh
135.0,3,1,1,1,Marzdaran
110.0,2,1,1,1,Feiz Garden
80.0,2,1,1,1,Southern Janatabad
66.0,2,1,1,1,Southern Janatabad
88.0,2,1,1,1,Qazvin Imamzadeh Hassan
70.0,1,1,1,0,Shahrake Qods
130.0,3,1,1,1,Feiz Garden
87.0,2,1,1,1,North Program Organization
86.0,2,1,1,1,Southern Janatabad
62.0,1,1,1,1,Southern Program Organization
87.0,2,1,1,1,Pardis
70.0,2,1,1,1,Southern Janatabad
65.0,2,1,1,1,Southern Janatabad
64.0,2,1,1,1,Southern Janatabad
62.0,2,1,1,1,Southern Janatabad
140.0,3,1,1,1,Gheitarieh
125.0,3,1,1,1,Gheitarieh
68.0,2,1,1,1,Southern Janatabad
67.0,2,1,0,0,West Ferdows Boulevard
64.0,2,1,1,1,Southern Janatabad
95.0,2,1,1,0,Northern Janatabad
97.0,2,1,1,1,Pardis
136.0,3,1,1,1,Persian Gulf Martyrs Lake
70.0,1,1,1,1,West Ferdows Boulevard
85.0,2,1,1,1,Qazvin Imamzadeh Hassan
105.0,2,1,1,1,Pardis
50.0,1,1,0,1,North Program Organization
57.0,1,1,1,1,Southern Program Organization
95.0,2,1,1,1,West Ferdows Boulevard
65.0,2,1,1,1,West Ferdows Boulevard
100.0,2,0,1,0,Tehransar
128.0,3,1,1,1,Kook
93.0,2,1,1,1,Gheitarieh
75.0,2,1,1,1,Qazvin Imamzadeh Hassan
133.0,4,1,1,0,Jeyhoon
100.0,2,1,1,1,Northern Janatabad
140.0,3,1,1,1,Persian Gulf Martyrs Lake
92.0,2,1,1,1,Central Janatabad
120.0,2,1,1,0,Amirabad
45.0,1,1,1,0,Jeyhoon
130.0,2,1,1,0,Gheitarieh
95.0,2,0,1,1,Nawab
150.0,3,0,0,0,Gheitarieh
72.0,2,1,1,1,Qazvin Imamzadeh Hassan
60.0,1,1,1,1,Central Janatabad
190.0,3,1,1,1,Dorous
125.0,2,1,1,1,Shahrake Gharb
90.0,2,1,1,1,North Program Organization
105.0,2,1,1,1,Shahr-e-Ziba
90.0,2,1,1,1,Shahran
102.0,2,1,1,1,Southern Janatabad
50.0,1,1,1,1,Ostad Moein
66.0,2,1,1,0,Punak
125.0,3,1,1,1,Yousef Abad
132.0,3,1,1,1,Parand
103.0,2,1,1,1,Central Janatabad
270.0,5,1,1,0,Yousef Abad
130.0,2,1,1,1,Shahran
77.0,2,1,1,0,
71.0,1,1,1,1,
160.0,3,1,1,1,Amirabad
110.0,2,1,1,1,Shahran
75.0,2,1,1,1,Shahran
75.0,2,1,1,1,Shahran
85.0,2,1,1,1,Northern Suhrawardi
130.0,3,1,1,1,Saadat Abad
73.0,2,1,1,1,Qazvin Imamzadeh Hassan
95.0,2,1,1,1,Saadat Abad
250.0,4,1,1,0,Shahrake Gharb
65.0,2,1,1,1,Salsabil
64.0,2,1,1,1,Azarbaijan
94.0,2,1,1,1,Villa
110.0,2,1,1,1,Pardis
105.0,2,1,1,1,Pardis
145.0,3,1,1,1,Heravi
105.0,2,1,1,1,Pardis
120.0,2,1,1,1,Farmanieh
100.0,2,1,1,1,Hakimiyeh
115.0,2,1,1,1,Water Organization
100.0,2,0,1,1,Shahr-e-Ziba
63.0,1,1,1,1,Ostad Moein
55.0,1,0,0,0,West Ferdows Boulevard
123.0,3,1,1,1,Nezamabad
81.0,2,1,1,1,Qazvin Imamzadeh Hassan
130.0,3,1,1,1,Jeyhoon
108.0,2,1,1,1,Pasdaran
135.0,3,1,1,1,Qasr-od-Dasht
82.0,2,1,1,1,West Ferdows Boulevard
120.0,2,1,1,1,Southern Program Organization
303.0,3,1,1,1,Ajudaniye
200.0,3,1,1,1,Ozgol
50.0,1,1,1,1,Shahran
80.0,2,1,1,1,Shahran
100.0,2,1,1,1,Pardis
85.0,2,1,1,1,Shahran
44.0,1,1,1,0,Shahran
115.0,2,1,1,1,Tajrish
75.0,2,1,1,1,North Program Organization
65.0,1,1,1,1,Shahran
106.0,2,1,1,1,Yousef Abad
203.0,3,1,1,1,Zaferanieh
92.0,2,1,1,1,Shahr-e-Ziba
62.0,1,1,1,1,Southern Program Organization
92.0,2,1,1,1,Pasdaran
85.0,2,1,1,1,Central Janatabad
60.0,1,1,1,1,Saadat Abad
100.0,2,1,1,1,East Ferdows Boulevard
100.0,2,1,1,1,Northern Janatabad
121.0,2,1,1,1,Garden of Saba
63.0,1,1,1,1,Farmanieh
98.0,2,1,1,1,West Ferdows Boulevard
67.0,2,1,1,1,Pasdaran
87.0,2,1,1,1,West Ferdows Boulevard
115.0,3,1,1,1,Pasdaran
49.0,1,0,0,1,Punak
40.0,0,0,1,0,Ostad Moein
130.0,3,1,1,1,Yousef Abad
144.0,3,1,1,0,Pasdaran
53.0,1,1,1,1,Southern Janatabad
88.0,2,1,1,1,Central Janatabad
105.0,2,1,1,1,Southern Janatabad
90.0,2,1,1,1,Qalandari
75.0,2,1,1,1,Tarasht
170.0,3,1,1,1,Niavaran
204.0,3,1,1,1,Elahieh
95.0,2,1,1,1,Feiz Garden
54.0,1,1,1,0,Andisheh
98.0,2,1,1,1,Shahr-e-Ziba
90.0,2,1,1,1,Feiz Garden
97.0,2,1,1,1,Feiz Garden
71.0,2,1,1,1,East Ferdows Boulevard
150.0,3,1,1,1,Shahrake Gharb
116.0,3,1,1,1,Pasdaran
120.0,2,1,1,1,Saadat Abad
79.0,2,1,1,1,West Ferdows Boulevard
79.0,2,1,1,1,West Ferdows Boulevard
135.0,2,1,1,1,Dorous
110.0,2,1,1,1,West Ferdows Boulevard
110.0,3,1,1,1,Shahr-e-Ziba
87.0,2,1,1,1,West Ferdows Boulevard
75.0,2,1,1,1,Punak
108.0,2,1,1,1,West Ferdows Boulevard
110.0,2,1,1,1,Central Janatabad
100.0,2,1,1,1,Shahr-e-Ziba
140.0,3,1,1,1,Shahrake Gharb
72.0,2,1,1,0,Southern Janatabad
73.0,2,1,1,0,Southern Janatabad
145.0,3,1,1,1,Dezashib
75.0,2,1,1,0,Northern Janatabad
92.0,2,1,1,1,Yousef Abad
80.0,2,1,1,1,Si Metri Ji
127.0,2,1,1,1,Ekhtiarieh
74.0,2,1,1,1,Yousef Abad
105.0,3,1,1,1,Parand
112.0,3,1,1,0,Parand
120.0,2,1,1,1,Shahrake Gharb
123.0,3,1,1,1,Pardis
140.0,3,1,1,1,Shahrake Gharb
63.0,1,1,1,1,Punak
56.0,1,1,1,1,Punak
105.0,2,1,1,1,Feiz Garden
97.0,2,1,1,1,Yousef Abad
140.0,3,1,1,1,Jordan
60.0,2,1,1,0,Central Janatabad
54.0,1,0,1,1,Punak
90.0,2,1,1,1,Ekhtiarieh
92.0,2,1,1,1,Feiz Garden
65.0,2,0,1,0,Feiz Garden
76.0,2,1,1,1,Andisheh
72.0,2,1,1,1,Southern Janatabad
135.0,3,1,1,1,Farmanieh
87.0,2,1,1,1,Pardis
255.0,3,1,1,1,Farmanieh
100.0,2,1,1,0,Yousef Abad
194.0,2,1,1,1,Niavaran
160.0,3,1,1,1,Saadat Abad
98.0,2,1,1,1,Gheitarieh
133.0,3,0,0,0,Andisheh
108.0,2,1,1,1,West Ferdows Boulevard
76.0,2,1,1,1,Shahr-e-Ziba
73.0,2,1,1,1,Razi
76.0,2,1,1,1,Southern Program Organization
80.0,2,1,1,1,Southern Program Organization
92.0,2,1,1,1,Gheitarieh
130.0,2,1,1,1,Qalandari
71.0,2,1,1,1,Azari
56.0,1,1,1,1,Shahran
105.0,2,1,1,1,Pardis
93.0,2,1,1,1,Central Janatabad
179.0,3,1,1,1,Pasdaran
100.0,2,1,1,1,Gholhak
110.0,3,1,1,1,Saadat Abad
98.0,2,1,1,1,Northern Janatabad
101.0,2,1,1,1,Saadat Abad
105.0,2,1,1,1,Pardis
157.0,3,1,1,1,Heravi
90.0,2,1,1,1,Qazvin Imamzadeh Hassan
97.0,2,1,1,1,Pardis
120.0,3,1,1,1,Persian Gulf Martyrs Lake
303.0,4,1,1,1,Velenjak
60.0,1,1,1,1,Yousef Abad
245.0,5,1,1,1,Dezashib
100.0,2,1,1,1,Pardis
185.0,3,1,1,1,Pasdaran
62.0,2,1,1,1,Central Janatabad
79.0,2,1,1,1,Central Janatabad
400.0,5,1,1,0,Mirdamad
200.0,3,1,1,1,Southern Chitgar
105.0,2,1,1,1,Pardis
128.0,3,1,1,1,Shahrake Apadana
115.0,3,1,1,1,Punak
377.0,4,1,1,1,Elahieh
77.0,2,1,1,0,Central Janatabad
190.0,3,1,1,1,Punak
130.0,3,1,1,1,Yousef Abad
133.0,3,1,1,1,Dorous
143.0,3,1,1,1,Northern Janatabad
76.0,2,1,1,1,Central Janatabad
155.0,3,1,1,1,West Ferdows Boulevard
96.0,2,1,1,1,Ekbatan
190.0,3,1,1,1,Gheitarieh
147.0,3,1,1,1,Heravi
85.0,2,1,1,1,East Ferdows Boulevard
76.0,2,1,1,1,Ekbatan
103.0,2,1,1,1,Niavaran
194.0,3,1,1,1,Niavaran
95.0,2,1,1,1,Saadat Abad
79.0,2,0,1,0,Northern Janatabad
83.0,2,1,1,1,Parand
70.0,2,1,1,1,Southern Program Organization
87.0,2,1,1,1,Niavaran
87.0,2,0,1,1,Pardis
84.0,3,1,1,1,Andisheh
91.0,2,1,1,1,Tarasht
145.0,2,1,1,1,Gheitarieh
68.0,2,1,1,1,North Program Organization
127.0,3,1,1,1,Garden of Saba
68.0,1,1,1,1,Ekbatan
105.0,2,1,1,1,Pardis
89.0,2,1,1,1,Shahran
82.0,2,1,1,1,Ostad Moein
65.0,1,1,1,0,Punak
80.0,2,1,1,1,Gholhak
145.0,3,1,1,1,Niavaran
235.0,3,1,1,1,Niavaran
192.0,3,1,1,1,Kamranieh
160.0,3,1,1,1,Kamranieh
160.0,3,1,1,1,Niavaran
106.0,2,1,1,1,Pardis
75.0,2,0,1,1,Shahrake Qods
100.0,2,1,1,1,Shahrake Qods
58.0,1,1,1,1,Ekbatan
44.0,1,0,1,0,Pirouzi
108.0,2,1,1,1,Gheitarieh
87.0,2,1,1,1,Amirabad
231.0,3,1,1,1,Zaferanieh
120.0,3,1,1,1,Persian Gulf Martyrs Lake
103.0,2,1,1,1,Saadat Abad
78.0,2,0,0,0,Parand
85.0,2,1,1,1,Gheitarieh
195.0,3,1,1,1,Velenjak
142.0,3,1,1,1,Amirabad
90.0,2,1,1,1,Persian Gulf Martyrs Lake
85.0,2,1,1,1,Gheitarieh
350.0,4,1,1,1,Niavaran
210.0,4,1,1,1,Niavaran
87.0,2,1,1,1,Pardis
85.0,2,1,1,1,Southern Janatabad
92.0,2,1,1,1,Southern Janatabad
90.0,2,1,1,1,Shahr-e-Ziba
87.0,2,1,1,1,Shahr-e-Ziba
108.0,2,1,1,1,West Ferdows Boulevard
85.0,2,1,1,0,Southern Janatabad
68.0,2,1,1,1,Southern Janatabad
138.0,2,1,1,1,Zaferanieh
78.0,2,1,1,1,Parand
94.0,2,1,1,1,Qazvin Imamzadeh Hassan
168.0,3,1,1,1,Aqdasieh
100.0,2,1,1,1,Niavaran
100.0,2,1,1,1,Ajudaniye
44.0,1,0,1,0,Parastar
300.0,3,0,0,0,Lavasan
280.0,4,1,1,1,Velenjak
65.0,2,1,1,1,West Ferdows Boulevard
180.0,3,1,1,1,Ajudaniye
176.0,2,1,1,0,Islamshahr
83.0,2,1,1,1,Central Janatabad
300.0,4,1,1,1,Farmanieh
68.0,2,0,1,0,Pirouzi
220.0,3,1,1,1,Aqdasieh
140.0,3,1,1,1,Andisheh
290.0,4,1,1,1,Farmanieh
75.0,2,0,1,1,Kahrizak
133.0,3,1,1,1,East Ferdows Boulevard
87.0,2,1,1,1,Abazar
60.0,2,0,1,1,Pirouzi
149.0,3,1,1,1,West Ferdows Boulevard
238.0,3,1,1,1,Velenjak
90.0,2,1,1,1,Punak
100.0,2,1,1,1,Qazvin Imamzadeh Hassan
94.0,2,1,1,1,Central Janatabad
80.0,2,1,1,1,Parastar
55.0,2,0,0,0,Parastar
114.0,3,1,1,1,Saadat Abad
146.0,3,1,1,1,Heravi
70.0,2,1,1,0,Punak
86.0,2,1,1,1,Amirabad
69.0,1,0,1,1,Persian Gulf Martyrs Lake
60.0,1,1,1,1,West Ferdows Boulevard
101.0,2,1,1,1,Persian Gulf Martyrs Lake
97.0,2,1,1,1,Hashemi
105.0,2,1,1,1,Hakimiyeh
110.0,2,1,1,0,Saadat Abad
75.0,2,1,1,1,Punak
110.0,2,1,1,1,Punak
149.0,3,1,1,0,Mirdamad
105.0,2,1,1,1,Railway
110.0,2,1,1,1,Persian Gulf Martyrs Lake
190.0,3,1,1,1,Kook
160.0,2,1,1,1,Yousef Abad
67.0,2,0,1,1,Pirouzi
121.0,2,1,1,1,Narmak
105.0,2,1,1,1,Gisha
83.0,2,1,1,0,West Ferdows Boulevard
62.0,1,0,1,1,Pirouzi
55.0,1,1,1,1,Pirouzi
88.0,2,1,1,1,Pirouzi
86.0,2,1,0,1,Air force
62.0,1,1,1,1,Narmak
65.0,1,1,1,0,Araj
135.0,2,1,1,1,Niavaran
226.0,4,1,1,1,Mahmoudieh
70.0,2,1,1,1,Tenant
85.0,1,1,1,1,Kamranieh
170.0,3,1,1,1,Punak
170.0,3,1,1,1,Niavaran
574.0,5,1,1,0,North Program Organization
360.0,4,1,1,1,Niavaran
120.0,2,1,1,1,Saadat Abad
120.0,3,1,1,1,Punak
97.0,2,1,0,1,Tenant
150.0,3,1,1,1,Pasdaran
140.0,2,1,1,1,Pasdaran
85.0,2,1,1,1,Punak
240.0,3,1,1,1,Velenjak
120.0,3,1,1,1,Pardis
100.0,2,1,1,1,Shahr-e-Ziba
105.0,3,1,1,0,Andisheh
75.0,2,1,1,1,Punak
51.0,1,1,1,1,Tenant
89.0,2,1,1,1,Shahr-e-Ziba
130.0,3,1,1,1,Saadat Abad
140.0,2,1,1,1,Pasdaran
100.0,2,1,1,1,Punak
290.0,3,1,1,1,Farmanieh
290.0,4,1,1,1,Farmanieh
200.0,3,1,1,1,Aqdasieh
450.0,3,1,0,0,Damavand
37.0,1,0,1,0,Andisheh
140.0,3,1,1,1,Gheitarieh
150.0,3,1,1,1,Sadeghieh
465.0,2,1,0,0,Damavand
160.0,3,1,1,1,Gheitarieh
403.0,5,1,0,0,Andisheh
165.0,2,1,1,1,Pakdasht
405.0,5,1,1,0,Andisheh
400.0,5,1,1,0,Andisheh
87.0,2,1,1,1,Pardis
88.0,2,1,1,1,West Ferdows Boulevard
86.0,2,1,1,1,Air force
350.0,3,1,1,0,Pasdaran
200.0,3,1,1,1,Kook
115.0,3,1,1,1,Velenjak
90.0,2,1,1,1,Gheitarieh
107.0,3,1,1,1,Gheitarieh
84.0,2,1,1,1,Pirouzi
112.0,2,1,1,1,Pardis
114.0,2,1,1,1,Persian Gulf Martyrs Lake
120.0,3,1,1,1,Pardis
113.0,2,1,1,1,Persian Gulf Martyrs Lake
84.0,2,1,1,1,West Pars
45.0,1,0,1,0,Shahran
155.0,2,1,1,1,Pardis
56.0,1,1,1,1,Shahran
67.0,2,1,1,1,East Ferdows Boulevard
79.0,2,1,1,1,East Ferdows Boulevard
65.0,1,1,1,1,Gheitarieh
113.0,2,1,1,1,Rudhen
54.0,1,1,1,0,Aqdasieh
170.0,3,0,0,0,Velenjak
42.0,1,0,1,1,Jeyhoon
160.0,3,0,1,0,Pakdasht
56.0,1,1,1,1,Punak
75.0,2,1,1,1,Rudhen
80.0,2,1,1,0,Rudhen
41.0,1,0,1,1,Farmanieh
117.0,2,0,1,1,Rudhen
88.0,2,1,1,1,Abazar
114.0,2,1,1,1,Abazar
75.0,2,1,1,1,Shahrake Qods
160.0,3,1,1,1,Andisheh
87.0,2,1,1,1,Abazar
104.0,2,1,1,1,Abazar
90.0,2,0,1,0,Shahrake Qods
120.0,2,1,1,0,Andisheh
88.0,2,0,1,1,Shahrake Qods
76.0,2,1,1,1,Abazar
85.0,2,1,1,1,Southern Janatabad
71.0,2,0,1,0,Northern Janatabad
200.0,3,1,1,1,Heravi
104.0,2,1,0,1,Air force
165.0,3,1,1,1,Aqdasieh
82.0,2,1,1,1,Abazar
115.0,2,1,1,1,Gheitarieh
350.0,5,1,1,1,Gheitarieh
106.0,2,1,1,1,Abazar
40.0,1,0,1,1,Karoon
130.0,2,1,1,1,Gheitarieh
46.0,1,1,1,0,Jeyhoon
121.0,2,1,1,1,Dehkade Olampic
80.0,2,1,1,1,Jeyhoon
154.0,3,1,1,1,Ostad Moein
60.0,1,0,1,0,Jeyhoon
68.0,2,1,1,1,West Ferdows Boulevard
89.0,2,1,0,1,Andisheh
70.0,2,1,1,1,Jeyhoon
45.0,1,1,1,1,Qasr-od-Dasht
113.0,2,1,1,1,Amirabad
85.0,2,1,1,1,Dorous
42.0,1,1,0,1,Vahidieh
108.0,2,1,1,1,Shahran
82.0,2,1,1,1,Punak
76.0,2,1,0,1,Punak
79.0,2,1,1,1,Punak
71.0,2,1,1,1,Punak
73.0,2,1,1,1,Punak
89.0,2,1,1,1,Shahrake Qods
85.0,2,1,1,1,Shahr-e-Ziba
96.0,2,1,1,1,East Ferdows Boulevard
95.0,2,1,1,1,Andisheh
60.0,2,1,1,1,Punak
88.0,2,0,0,1,Parand
145.0,3,1,1,1,Pasdaran
75.0,2,0,1,0,Malard
145.0,3,1,1,1,Gholhak
105.0,3,1,1,1,Ostad Moein
67.0,2,1,1,1,Feiz Garden
78.0,2,1,0,1,Jeyhoon
125.0,2,1,1,1,Gheitarieh
91.0,2,1,1,1,Shahran
195.0,3,1,1,1,Gheitarieh
87.0,2,0,0,1,Pardis
99.0,2,1,1,1,Punak
113.0,2,1,1,1,Punak
100.0,2,1,1,1,Punak
200.0,3,1,1,1,Zaferanieh
106.0,2,1,1,1,Pardis
105.0,2,1,1,1,Shahran
228.0,3,1,1,1,Zaferanieh
75.0,2,1,1,1,Shahran
84.0,3,1,1,1,Shahran
90.0,2,1,1,1,Shahr-e-Ziba
66.0,2,1,0,1,Ostad Moein
130.0,3,1,1,1,Northern Suhrawardi
101.0,2,1,1,1,Central Janatabad
103.0,2,0,1,0,Shahran
60.0,2,1,1,0,Pirouzi
123.0,2,1,1,1,Persian Gulf Martyrs Lake
70.0,2,1,1,1,Punak
177.0,3,1,1,1,Velenjak
230.0,3,1,1,1,Farmanieh
105.0,2,1,1,1,Pardis
87.0,2,0,0,1,Pardis
104.0,2,1,1,1,Pardis
105.0,2,1,1,1,Pardis
310.0,3,1,1,1,Elahieh
108.0,2,1,1,1,Shams Abad
75.0,2,1,1,0,Central Janatabad
108.0,2,1,1,1,Shams Abad
116.0,2,1,1,1,West Ferdows Boulevard
43.0,1,1,1,1,Shams Abad
64.0,2,0,1,0,Jeyhoon
48.0,1,1,1,0,Salsabil
134.0,3,1,1,1,Andisheh
100.0,2,0,0,0,Pardis
230.0,3,1,1,1,Farmanieh
238.0,3,1,1,1,Velenjak
270.0,5,1,1,0,Aqdasieh
105.0,2,0,1,0,Andisheh
86.0,2,1,1,1,Pardis
130.0,3,1,1,1,West Pars
87.0,2,1,1,1,Pardis
80.0,2,0,1,0,Shahrake Qods
112.0,2,1,1,1,Yousef Abad
120.0,2,1,1,0,Pardis
125.0,2,1,1,1,Pardis
100.0,2,1,1,1,
100.0,2,1,1,1,Pirouzi
123.0,3,1,1,1,East Ferdows Boulevard
100.0,2,1,1,1,Pirouzi
88.0,2,1,1,1,Northern Janatabad
87.0,2,1,1,1,Pardis
85.0,2,1,1,1,Pardis
84.0,2,0,1,0,Sattarkhan
110.0,2,1,1,1,Yousef Abad
170.0,3,1,1,1,Niavaran
220.0,3,1,1,1,Niavaran
101.0,2,1,1,1,Yousef Abad
100.0,2,1,1,1,Gheitarieh
193.0,3,1,1,1,Kook
45.0,1,0,1,0,Andisheh
86.0,2,1,0,1,Pirouzi
138.0,3,1,1,1,Islamshahr
55.0,1,1,1,1,Saadat Abad
100.0,2,1,1,1,Gheitarieh
108.0,2,1,1,1,Persian Gulf Martyrs Lake
94.0,2,1,1,1,Gheitarieh
101.0,2,1,1,1,Gheitarieh
101.0,2,1,1,1,Gheitarieh
99.0,1,1,1,1,Gheitarieh
97.0,2,1,1,1,Shahrake Gharb
,2,1,1,1,Gheitarieh
126.0,2,1,1,1,Gheitarieh
105.0,2,1,1,1,Pardis
101.0,2,1,1,1,Tarasht
100.0,2,1,1,1,Gheitarieh
90.0,2,1,1,1,Shahrake Qods
146.0,3,1,1,1,Saadat Abad
90.0,3,1,1,0,Salsabil
60.0,2,0,1,0,Shahrake Azadi
130.0,3,1,1,1,Shahrake Gharb
85.0,2,1,1,0,Air force
132.0,3,1,1,1,Pasdaran
115.0,2,1,1,1,Tarasht
70.0,2,0,1,0,Pirouzi
145.0,3,1,1,1,Pirouzi
88.0,2,1,1,1,Punak
54.0,1,0,1,0,Beryanak
65.0,2,1,1,0,Pirouzi
70.0,1,1,1,0,Dehkade Olampic
63.0,1,1,1,1,Ostad Moein
190.0,3,1,1,1,Zaferanieh
57.0,1,1,1,1,Qasr-od-Dasht
144.0,3,1,1,1,Velenjak
85.0,2,1,1,1,Shahr-e-Ziba
65.0,2,0,1,1,West Pars
88.0,3,0,0,1,Parand
74.0,2,1,1,1,Darband
76.0,2,0,0,0,Parand
88.0,2,0,0,1,Parand
49.0,1,1,1,1,Punak
287.0,5,1,1,0,Vanak
95.0,2,1,1,0,Punak
65.0,1,1,1,1,Air force
86.0,2,1,1,1,Niavaran
86.0,2,1,1,1,Kamranieh
90.0,2,1,1,1,Golestan
62.0,2,1,1,0,Ekhtiarieh
157.0,3,1,1,1,Gheitarieh
90.0,2,1,1,1,Southern Chitgar
190.0,3,1,1,1,Gheitarieh
90.0,2,1,1,1,Railway
150.0,3,1,1,1,Gheitarieh
70.0,2,1,1,1,Shahrake Qods
91.0,2,1,1,1,Tehran Now
155.0,3,1,1,1,Gheitarieh
245.0,3,1,1,1,Niavaran
120.0,2,1,1,1,West Ferdows Boulevard
150.0,2,1,1,1,Gheitarieh
65.0,2,1,1,0,West Ferdows Boulevard
106.0,2,1,1,1,West Ferdows Boulevard
100.0,2,1,1,1,Gheitarieh
125.0,2,1,1,1,Gheitarieh
57.0,1,1,1,1,Feiz Garden
160.0,3,1,1,1,Niavaran
43.0,1,0,1,1,Beryanak
115.0,3,1,1,1,Feiz Garden
80.0,2,1,1,1,Feiz Garden
93.0,2,1,1,1,Southern Janatabad
65.0,2,1,0,1,Qasr-od-Dasht
90.0,2,1,1,1,Southern Janatabad
200.0,2,1,1,0,Andisheh
135.0,3,1,1,1,Shahrake Gharb
63.0,2,0,1,0,Azarbaijan
53.0,1,1,1,1,Azarbaijan
50.0,1,0,1,0,Qasr-od-Dasht
72.0,2,1,1,0,Qasr-od-Dasht
148.0,3,1,1,1,Saadat Abad
80.0,2,1,1,1,Azarbaijan
60.0,2,1,1,1,Andisheh
102.0,2,1,1,1,Shahrake Gharb
95.0,2,1,1,1,Mirdamad
83.0,2,1,1,1,Ray
95.0,2,1,1,1,Gheitarieh
83.0,2,1,1,1,Salsabil
60.0,1,1,1,1,Northern Chitgar
65.0,2,1,1,1,Jeyhoon
90.0,2,1,1,1,Gheitarieh
200.0,3,1,1,1,Heravi
53.0,1,1,1,1,Jeyhoon
43.0,1,1,1,1,Beryanak
97.0,2,1,1,1,Southern Janatabad
42.0,1,1,0,1,Jeyhoon
120.0,2,1,1,1,Abazar
97.0,2,1,1,1,Sattarkhan
97.0,2,1,1,1,Southern Janatabad
90.0,2,1,1,1,Southern Janatabad
97.0,2,1,1,1,Central Janatabad
90.0,2,1,1,1,Southern Janatabad
198.0,3,1,1,1,Gheitarieh
929.0,5,1,1,0,Zafar
90.0,2,1,1,1,Punak
150.0,3,1,1,1,Punak
136.0,3,1,1,1,Southern Janatabad
120.0,2,1,1,1,Southern Janatabad
90.0,2,1,1,1,Punak
50.0,1,1,1,1,Punak
90.0,2,1,1,1,Mirdamad
55.0,1,1,1,1,Punak
75.0,2,1,1,1,Jeyhoon
47.0,1,1,1,1,Punak
65.0,2,1,1,0,Punak
420.0,4,1,1,1,Zaferanieh
124.0,3,1,1,1,Southern Janatabad
86.0,2,1,1,1,Punak
70.0,1,1,1,1,Punak
181.0,3,1,1,1,Velenjak
68.0,2,1,1,0,Punak
67.0,2,1,1,1,Punak
72.0,1,1,1,1,Ozgol
145.0,3,1,1,1,Central Janatabad
116.0,2,1,1,1,Shahrake Gharb
65.0,1,1,1,1,Northern Janatabad
125.0,2,1,1,1,Ozgol
143.0,3,1,1,1,Saadat Abad
150.0,3,1,1,1,Saadat Abad
88.0,2,1,1,1,Southern Janatabad
380.0,4,1,1,1,Elahieh
95.0,2,1,1,1,Ostad Moein
58.0,1,1,1,1,Shahran
190.0,3,1,1,1,Farmanieh
120.0,2,1,1,1,Ekhtiarieh
130.0,3,1,1,1,Shahrakeh Naft
85.0,2,1,1,0,Punak
100.0,2,1,1,0,Islamshahr
115.0,2,1,1,1,Gheitarieh
76.0,2,1,1,1,Shahr-e-Ziba
125.0,2,1,1,1,Punak
110.0,2,1,1,1,Punak
96.0,2,1,1,1,Punak
75.0,2,1,1,0,Islamshahr
105.0,2,1,1,1,Central Janatabad
160.0,3,1,1,1,Heravi
76.0,2,1,1,1,Jeyhoon
290.0,4,1,1,1,Zaferanieh
110.0,2,0,1,1,Zafar
198.0,4,1,1,0,Andisheh
105.0,2,1,1,1,Andisheh
90.0,2,1,1,1,Islamshahr
63.0,1,1,1,1,Islamshahr
100.0,2,1,1,1,Central Janatabad
117.0,3,1,1,1,Islamshahr
91.0,2,1,1,0,Islamshahr
60.0,1,1,1,0,Islamshahr
110.0,2,1,1,1,Islamshahr
96.0,2,1,1,1,Ostad Moein
113.0,2,1,1,1,Ekhtiarieh
74.0,2,1,1,1,Southern Janatabad
155.0,3,1,1,1,Dorous
125.0,2,1,1,1,Ostad Moein
49.0,1,1,0,1,Dezashib
148.0,3,1,1,1,Saadat Abad
134.0,3,1,1,1,Qasr-od-Dasht
90.0,2,1,1,1,Central Janatabad
110.0,1,1,1,1,Central Janatabad
115.0,2,1,1,1,Punak
90.0,2,1,1,1,Darabad
95.0,2,1,1,1,North Program Organization
105.0,2,1,1,1,Pardis
63.0,2,1,1,1,Amir Bahador
185.0,3,1,1,1,Pasdaran
250.0,3,1,1,1,Elahieh
88.0,2,1,1,0,Northern Janatabad
95.0,2,1,1,1,Southern Program Organization
108.0,2,1,1,1,Heravi
90.0,2,1,1,1,Southern Janatabad
160.0,3,1,1,1,Velenjak
78.0,2,0,1,1,Parand
120.0,3,1,1,1,Persian Gulf Martyrs Lake
158.0,3,1,1,1,Pasdaran
56.0,1,1,1,1,West Ferdows Boulevard
155.0,3,1,1,1,Pasdaran
100.0,2,1,1,1,Southern Janatabad
182.0,3,1,1,1,Saadat Abad
63.0,2,1,1,1,Shahr-e-Ziba
125.0,2,1,1,1,Shahrake Qods
53.0,1,0,0,0,Shahrake Qods
150.0,3,1,1,1,Ekhtiarieh
62.0,2,1,1,0,Punak
113.0,2,1,1,1,Ekhtiarieh
93.0,2,1,1,0,Parand
84.0,2,1,1,1,Damavand
83.0,2,1,1,1,Jeyhoon
150.0,3,1,1,1,Gheitarieh
147.0,3,1,1,1,Ekhtiarieh
75.0,2,1,1,1,Saadat Abad
119.0,2,1,1,1,Shahran
105.0,2,1,1,1,Saadat Abad
70.0,2,1,1,1,
115.0,2,1,1,1,Ekhtiarieh
179.0,3,1,1,1,Velenjak
86.0,2,1,1,1,Central Janatabad
70.0,1,1,1,1,West Ferdows Boulevard
48.0,1,1,1,1,Shahr-e-Ziba
70.0,2,0,1,1,Komeil
102.0,2,1,1,1,Saadat Abad
85.0,2,1,0,1,Pardis
72.0,2,1,1,0,West Ferdows Boulevard
180.0,3,1,1,1,Saadat Abad
138.0,3,1,1,1,Saadat Abad
87.0,2,1,1,1,Shahrake Qods
705.0,5,1,1,0,Abazar
200.0,3,1,1,1,Saadat Abad
87.0,2,1,1,1,Pardis
75.0,2,1,1,1,Shahr-e-Ziba
57.0,1,1,1,1,West Ferdows Boulevard
62.0,1,1,1,1,West Ferdows Boulevard
65.0,2,1,1,1,West Ferdows Boulevard
70.0,1,0,1,0,Saadat Abad
65.0,1,1,1,1,West Ferdows Boulevard
100.0,2,1,1,1,Ostad Moein
210.0,3,1,1,1,Saadat Abad
110.0,2,1,1,1,Saadat Abad
68.0,2,1,1,1,West Ferdows Boulevard
101.0,2,1,1,1,Saadat Abad
165.0,3,1,1,1,Saadat Abad
300.0,4,1,1,1,Saadat Abad
245.0,3,1,1,1,Shahrake Gharb
105.0,2,1,1,0,Andisheh
135.0,2,1,1,1,Saadat Abad
130.0,3,1,1,1,Saadat Abad
83.0,2,1,0,1,Saadat Abad
60.0,1,1,1,1,Saadat Abad
52.0,1,1,1,1,Southern Program Organization
60.0,2,1,1,1,West Ferdows Boulevard
70.0,2,1,1,1,East Ferdows Boulevard
140.0,3,1,1,1,Shahrake Gharb
120.0,2,1,1,1,Saadat Abad
62.0,1,1,1,1,Shahrake Qods
70.0,2,1,1,1,West Ferdows Boulevard
150.0,3,1,1,1,Saadat Abad
69.0,2,1,1,0,Shahran
70.0,1,1,1,1,East Ferdows Boulevard
100.0,2,1,1,1,Jeyhoon
75.0,2,1,1,0,West Ferdows Boulevard
103.0,2,1,1,1,Azarbaijan
85.0,2,1,1,1,Shahran
150.0,3,1,1,1,Punak
66.0,2,1,1,1,Qalandari
101.0,2,1,0,1,Pirouzi
290.0,4,1,1,1,Aqdasieh
106.0,2,1,1,1,Saadat Abad
107.0,3,1,1,0,Eram
122.0,2,1,1,1,Jeyhoon
195.0,3,1,1,1,Shahrake Gharb
98.0,2,1,1,1,Shahr-e-Ziba
98.0,2,1,1,1,Pardis
200.0,3,1,1,1,Gheitarieh
400.0,4,1,1,1,Elahieh
110.0,2,1,1,1,Ekhtiarieh
95.0,2,1,1,1,Ostad Moein
60.0,1,1,1,1,Southern Program Organization
76.0,2,0,0,0,Parand
222.0,3,1,1,1,Gheitarieh
120.0,2,1,1,1,Punak
270.0,3,1,1,1,Kamranieh
110.0,2,1,1,0,Southern Program Organization
84.0,2,1,1,1,Shahrake Qods
76.0,2,1,1,1,Shahrake Qods
75.0,2,0,1,1,Parand
170.0,4,1,1,1,Andisheh
92.0,2,0,1,0,Andisheh
122.0,3,1,1,0,Parand
170.0,3,1,1,1,Ekhtiarieh
147.0,3,1,1,1,Pasdaran
47.0,1,0,1,0,Jeyhoon
100.0,2,1,1,1,Pasdaran
180.0,3,1,1,1,Saadat Abad
90.0,2,1,1,1,Northern Janatabad
80.0,2,1,1,1,Shahr-e-Ziba
59.0,1,1,0,1,Pirouzi
87.0,2,1,1,1,Pardis
50.0,1,0,1,1,Ostad Moein
123.0,3,1,1,1,Gheitarieh
56.0,1,1,1,1,Feiz Garden
105.0,2,1,1,1,Pardis
57.0,1,1,1,1,Azarbaijan
78.0,2,1,1,1,Southern Janatabad
92.0,2,1,1,1,Southern Janatabad
100.0,2,1,1,1,Pardis
152.0,3,1,1,1,Saadat Abad
155.0,3,1,1,1,Shahrake Gharb
115.0,3,1,1,1,Shahr-e-Ziba
145.0,3,1,1,1,Shahrake Gharb
115.0,2,1,1,1,Yousef Abad
60.0,1,1,1,0,Central Janatabad
160.0,3,1,1,1,Gheitarieh
101.0,2,1,1,1,North Program Organization
98.0,2,1,1,1,Southern Janatabad
92.0,2,1,1,1,Punak
90.0,2,1,1,1,Northern Janatabad
150.0,3,1,1,1,West Ferdows Boulevard
106.0,2,1,1,1,Persian Gulf Martyrs Lake
135.0,3,1,1,1,Dehkade Olampic
209.0,3,1,1,1,West Ferdows Boulevard
115.0,2,1,1,0,Tarasht
110.0,2,1,1,0,Water Organization
90.0,2,0,1,1,Northern Janatabad
190.0,3,1,1,1,Aqdasieh
133.0,3,1,1,1,Gheitarieh
200.0,3,1,1,1,Ajudaniye
220.0,3,1,1,1,Kamranieh
130.0,3,1,1,1,Gheitarieh
123.0,3,1,1,0,Azadshahr
105.0,2,1,1,1,Dehkade Olampic
103.0,3,1,1,1,Shahran
105.0,2,1,1,1,Pardis
161.0,3,1,1,1,Persian Gulf Martyrs Lake
115.0,3,0,1,1,Shahrake Qods
85.0,2,0,0,0,Azadshahr
50.0,2,1,1,0,Shahran
160.0,3,1,1,1,Persian Gulf Martyrs Lake
232.0,3,1,1,1,Farmanieh
117.0,2,1,1,1,Shahran
77.0,2,1,1,1,West Ferdows Boulevard
100.0,2,1,1,0,Yousef Abad
85.0,2,1,1,0,Northern Janatabad
145.0,3,1,1,1,Farmanieh
127.0,3,1,1,1,Hakimiyeh
79.0,2,1,1,1,Shahran
120.0,2,1,1,1,Gheitarieh
173.0,3,1,1,1,Niavaran
195.0,3,1,1,1,Farmanieh
66.0,2,1,1,1,West Ferdows Boulevard
140.0,3,1,1,1,Gheitarieh
93.0,2,1,1,1,Atabak
80.0,2,1,1,1,Yousef Abad
119.0,2,1,1,1,Shahran
100.0,2,1,1,1,Ekhtiarieh
115.0,2,1,1,1,Shahran
52.0,1,1,1,1,Ekhtiarieh
136.0,3,1,1,1,Persian Gulf Martyrs Lake
95.0,2,1,1,1,Shahran
83.0,3,1,1,1,Shahran
100.0,2,1,1,1,Shahrake Qods
70.0,2,1,1,0,Shahran
73.0,2,1,1,0,Shahran
70.0,2,1,1,1,Shahr-e-Ziba
105.0,2,1,1,1,Pardis
87.0,2,1,1,1,Pardis
66.0,1,1,1,1,Pardis
98.0,2,1,1,1,Pardis
64.0,2,1,1,1,Shahr-e-Ziba
65.0,2,1,1,1,Shahr-e-Ziba
85.0,2,1,1,1,Central Janatabad
85.0,2,1,1,1,Punak
93.0,2,1,1,1,Gheitarieh
155.0,3,1,1,1,Heravi
450.0,2,0,0,0,Absard
117.0,3,1,1,1,Shahrake Gharb
85.0,2,1,1,1,Pakdasht
500.0,4,1,1,0,Damavand
60.0,1,1,1,1,Persian Gulf Martyrs Lake
58.0,2,1,1,1,Sabalan
118.0,2,1,1,1,Shahrake Qods
98.0,2,1,1,1,Gheitarieh
60.0,1,0,1,1,Narmak
85.0,2,1,1,1,Gheitarieh
110.0,2,1,1,1,Heravi
190.0,3,1,1,1,Gheitarieh
150.0,3,1,1,1,Gheitarieh
197.0,3,1,1,1,Gheitarieh
153.0,2,1,1,1,Gheitarieh
99.0,2,1,1,1,Heravi
195.0,3,1,1,1,Gheitarieh
125.0,2,1,1,1,Gheitarieh
103.0,2,1,1,1,Heravi
235.0,3,1,1,1,Gheitarieh
107.0,2,1,1,1,Velenjak
195.0,3,1,1,1,Gheitarieh
170.0,3,0,0,0,Gheitarieh
153.0,3,1,1,1,Gheitarieh
90.0,2,1,1,1,Pirouzi
88.0,2,1,1,1,Gheitarieh
100.0,2,1,1,1,Gheitarieh
100.0,2,1,1,1,Saadat Abad
203.0,3,1,1,1,Araj
200.0,3,1,1,1,Aqdasieh
200.0,3,1,1,1,Araj
116.0,3,1,1,1,Gheitarieh
202.0,3,0,0,0,Araj
202.0,3,1,1,1,Aqdasieh
61.0,1,1,1,1,Si Metri Ji
70.0,2,1,1,1,Jeyhoon
62.0,2,1,1,1,Beryanak
200.0,3,1,1,1,Araj
120.0,3,1,1,1,Ostad Moein
87.0,2,1,1,1,Amirabad
200.0,3,1,1,1,Aqdasieh
80.0,2,1,1,1,Parand
202.0,3,0,0,0,Araj
57.0,1,0,1,1,Ostad Moein
202.0,3,1,1,1,Araj
84.0,2,1,1,1,Pirouzi
202.0,3,1,1,1,Aqdasieh
93.0,2,1,1,1,Saadat Abad
85.0,2,1,1,1,Gheitarieh
100.0,2,1,1,1,Saadat Abad
153.0,2,1,1,1,Aqdasieh
122.0,3,1,1,1,Saadat Abad
150.0,2,1,1,1,Aqdasieh
56.0,2,1,1,1,Ostad Moein
150.0,2,1,1,1,Araj
202.0,3,1,1,1,Araj
201.0,3,1,1,1,Aqdasieh
140.0,3,1,1,1,Shahrake Qods
200.0,3,1,1,1,Aqdasieh
67.0,2,1,1,0,Jeyhoon
86.0,2,1,1,1,Gheitarieh
84.0,2,1,1,1,Gheitarieh
86.0,2,1,1,1,Central Janatabad
67.0,2,1,1,1,Shahran
90.0,2,1,1,1,Northern Janatabad
83.0,2,1,1,1,Gheitarieh
70.0,2,1,1,1,Jeyhoon
88.0,2,1,1,1,Shahrake Qods
167.0,3,1,1,1,Gheitarieh
100.0,2,0,0,0,Shahrake Qods
100.0,2,1,1,1,Shahrake Qods
60.0,2,1,1,1,Southern Janatabad
155.0,3,1,1,1,Gheitarieh
76.0,2,1,1,1,Jeyhoon
90.0,2,1,1,1,Shahrake Qods
65.0,1,1,1,1,Shahrake Qods
80.0,2,1,1,1,Shahrake Qods
135.0,2,1,1,1,Gheitarieh
94.0,2,1,1,1,Shahrake Qods
110.0,2,1,1,1,Gheitarieh
115.0,3,1,1,1,Farmanieh
170.0,3,1,1,1,Gheitarieh
115.0,3,0,1,1,Farmanieh
60.0,1,0,0,0,Damavand
105.0,2,1,1,1,Saadat Abad
61.0,2,0,1,0,Salsabil
100.0,2,1,1,1,Saadat Abad
145.0,3,1,1,1,Jeyhoon
87.0,2,1,1,1,Pardis
87.0,2,1,1,1,Pardis
115.0,3,1,1,1,Shahrake Gharb
85.0,2,1,1,1,Pardis
67.0,2,1,1,0,Punak
94.0,2,1,1,1,Shahran
94.0,2,1,1,1,
99.0,2,1,1,1,
86.0,2,1,1,1,Pardis
60.0,2,1,1,1,West Ferdows Boulevard
58.0,1,1,1,1,Shahrake Gharb
76.0,2,1,1,1,Shahr-e-Ziba
57.0,1,1,1,1,Southern Program Organization
81.0,2,1,1,1,West Ferdows Boulevard
112.0,3,1,1,1,West Ferdows Boulevard
75.0,2,1,1,1,Shahran
153.0,3,1,1,1,Punak
95.0,2,1,1,1,Shahrake Gharb
101.0,2,1,1,1,Shahrake Gharb
65.0,2,1,1,0,Jeyhoon
88.0,3,0,1,1,Parand
113.0,3,1,1,0,Gheitarieh
50.0,1,1,1,0,Shahrake Qods
45.0,1,0,0,1,Ostad Moein
53.0,1,0,1,1,Narmak
100.0,2,1,1,1,Andisheh
50.0,1,1,1,0,Shahryar
43.0,0,0,1,0,Nasim Shahr
85.0,2,1,1,0,Baghestan
134.0,3,1,1,1,North Program Organization
90.0,2,1,1,1,Shahr-e-Ziba
90.0,2,1,1,1,Shahrake Qods
135.0,2,1,1,0,SabaShahr
130.0,3,1,1,1,Railway
55.0,1,1,1,0,Andisheh
200.0,5,0,0,0,Dehkade Olampic
107.0,2,1,1,1,Shahrake Madaen
150.0,2,1,1,1,Pakdasht
56.0,1,0,1,0,Ostad Moein
160.0,3,1,1,0,Azadshahr
138.0,3,1,1,1,Salsabil
125.0,3,1,1,1,Tehransar
83.0,2,1,1,1,Shahr-e-Ziba
131.0,3,1,1,1,Railway
115.0,2,1,1,1,Central Janatabad
50.0,1,1,1,0,Andisheh
91.0,2,1,1,1,West Ferdows Boulevard
80.0,2,1,1,1,Central Janatabad
40.0,1,0,1,0,Qasr-od-Dasht
68.0,2,1,1,1,Shahr-e-Ziba
110.0,2,1,1,1,Shahran
63.0,1,1,1,0,
50.0,1,1,1,0,Beryanak
110.0,2,1,1,1,Shahr-e-Ziba
95.0,2,1,1,1,Shahr-e-Ziba
65.0,2,1,1,1,Southern Janatabad
62.0,2,0,1,0,Beryanak
37.0,1,0,1,1,Hashemi
105.0,2,1,1,1,West Ferdows Boulevard
41.0,1,0,1,0,Salsabil
85.0,2,1,1,1,Shahrakeh Naft
150.0,3,1,1,1,Shahrake Gharb
83.0,2,1,1,1,East Ferdows Boulevard
174.0,3,1,1,1,Valiasr
105.0,3,1,1,1,Yousef Abad
57.0,2,0,0,1,Waterfall
200.0,3,1,1,1,Sadeghieh
75.0,2,0,0,0,Baghestan
87.0,2,0,0,0,Pardis
63.0,2,0,1,0,Qasr-od-Dasht
64.0,2,1,1,1,Central Janatabad
65.0,2,0,0,0,Ostad Moein
44.0,1,0,1,0,Shahryar
85.0,2,0,0,0,Pakdasht
43.0,1,0,1,0,Ahang
118.0,3,1,1,1,Sattarkhan
92.0,2,1,1,1,Shahran
124.0,3,1,1,1,Sattarkhan
56.0,1,0,1,0,Jeyhoon
40.0,1,0,1,0,Pirouzi
92.0,2,1,1,1,West Ferdows Boulevard
86.0,2,1,1,1,Central Janatabad
51.0,2,1,1,0,Shahran
70.0,1,0,0,0,Baghestan
85.0,2,1,1,1,Shahrake Qods
51.0,1,0,1,0,Ostad Moein
131.0,2,1,1,1,Ray
48.0,1,0,1,0,Komeil
84.0,2,1,1,0,Andisheh
95.0,2,1,1,1,Hashemi
74.0,2,1,1,1,Eskandari
68.0,2,1,1,1,East Ferdows Boulevard
240.0,4,1,1,1,Persian Gulf Martyrs Lake
,2,0,0,0,Shahryar
44.0,1,0,1,0,Qasr-od-Dasht
82.0,2,1,1,1,Shahran
42.0,1,0,1,0,Pirouzi
63.0,1,1,1,1,Aqdasieh
110.0,2,0,1,1,Salehabad
235.0,3,1,1,1,Niavaran
500.0,2,1,1,0,Absard
57.0,1,1,1,0,Feiz Garden
170.0,3,1,1,1,Pakdasht
115.0,2,1,1,0,Golestan
68.0,2,1,1,1,Southern Program Organization
62.0,1,0,1,1,Baghestan
56.0,1,1,1,1,Shahr-e-Ziba
75.0,2,1,1,1,Shahran
95.0,2,1,1,1,Pasdaran
144.0,3,1,1,1,Zafar
50.0,1,0,0,1,Qarchak
78.0,2,1,1,0,Sattarkhan
95.0,2,1,0,1,Ray
90.0,2,1,1,1,Ray
350.0,4,1,1,1,Niavaran
71.0,2,1,1,1,West Ferdows Boulevard
80.0,1,0,0,0,Pishva
44.0,1,1,0,1,Ostad Moein
46.0,1,1,1,1,Jeyhoon
78.0,2,1,1,0,Sattarkhan
67.0,2,0,1,0,Karoon
49.0,1,1,1,0,Andisheh
105.0,2,1,1,1,Andisheh
72.0,2,0,1,1,Beryanak
65.0,2,0,1,1,Salsabil
80.0,2,1,1,1,West Pars
66.0,2,0,1,0,Jeyhoon
58.0,2,0,1,0,Jeyhoon
67.0,2,0,1,0,Salsabil
89.0,2,1,1,0,Andisheh
75.0,2,1,1,1,Beryanak
85.0,2,0,1,1,Si Metri Ji
94.0,2,1,1,1,Central Janatabad
67.0,2,1,1,0,Jeyhoon
60.0,1,0,1,1,Shahrake Qods
67.0,1,1,0,1,Beryanak
65.0,2,0,0,1,Beryanak
72.0,2,0,1,1,Beryanak
62.0,2,1,1,1,Salsabil
37.0,1,0,1,1,Ostad Moein
105.0,3,1,1,1,Shahr-e-Ziba
78.0,2,0,0,1,Parand
53.0,1,0,1,0,Baghestan
80.0,2,0,1,1,Shahr-e-Ziba
88.0,2,1,1,1,Persian Gulf Martyrs Lake
39.0,1,0,1,0,Andisheh
128.0,2,1,1,1,Jordan
87.0,2,1,1,1,Shahrake Shahid Bagheri
48.0,1,0,1,0,Beryanak
75.0,2,1,1,1,Punak
110.0,3,1,1,1,Jordan
172.0,3,1,1,1,Heravi
147.0,3,1,1,1,Yousef Abad
70.0,1,1,1,0,Enghelab
235.0,3,1,1,1,Niavaran
115.0,2,1,1,1,Heravi
114.0,2,1,1,1,Pakdasht
40.0,1,1,1,0,Pirouzi
125.0,3,1,1,1,Yousef Abad
90.0,2,1,1,1,Golestan
78.0,2,0,1,1,Gisha
62.0,2,1,0,1,
47.0,1,0,1,0,Ostad Moein
114.0,3,1,1,1,Yousef Abad
65.0,1,1,1,1,Southern Janatabad
50.0,1,0,1,0,Baghestan
125.0,2,1,1,1,Islamshahr Elahieh
41.0,1,0,0,0,Salsabil
136.0,3,1,1,1,Yousef Abad
40.0,1,0,1,0,Jeyhoon
60.0,2,0,1,0,Si Metri Ji
75.0,2,1,1,1,Pirouzi
120.0,3,1,1,1,Yousef Abad
165.0,3,1,1,1,Pakdasht
110.0,2,0,1,0,Pakdasht
116.0,2,1,1,1,Shahran
115.0,2,1,1,1,Shahran
77.0,2,0,1,1,Pakdasht
120.0,3,1,1,1,Yousef Abad
100.0,2,0,1,1,Pakdasht
130.0,3,1,1,1,Yousef Abad
60.0,1,1,1,1,Islamshahr
75.0,2,0,1,1,Parand
128.0,3,1,1,0,Niavaran
150.0,2,1,1,1,Zaferanieh
135.0,3,1,1,1,Yousef Abad
60.0,1,1,1,1,Zafar
41.0,1,0,0,0,Elahieh
113.0,2,1,1,1,Niavaran
52.0,1,0,1,1,Andisheh
100.0,2,1,1,1,Aqdasieh
66.0,2,1,1,0,Punak
200.0,3,1,1,1,Niavaran
90.0,1,1,1,1,Kamranieh
200.0,3,1,1,1,Niavaran
51.0,1,1,0,1,Ray - Montazeri
70.0,2,1,1,0,Punak
73.0,2,1,1,0,West Ferdows Boulevard
245.0,2,0,0,0,Islamshahr
87.0,2,1,1,1,Darabad
120.0,2,1,1,1,Velenjak
171.0,3,1,1,1,Elahieh
66.0,2,1,1,0,Punak
77.0,2,1,1,1,Aqdasieh
40.0,1,1,1,0,Narmak
105.0,2,1,1,1,Shahr-e-Ziba
50.0,1,1,1,1,Ozgol
94.0,2,1,1,0,Amirabad
65.0,2,1,1,0,West Ferdows Boulevard
57.0,1,1,1,0,Valiasr
79.0,2,1,1,1,Parand
60.0,2,0,1,0,Jeyhoon
86.0,2,1,1,0,Firoozkooh Kuhsar
80.0,2,1,1,1,West Ferdows Boulevard
68.0,2,1,1,0,West Ferdows Boulevard
43.0,1,1,1,0,Narmak
55.0,1,1,1,1,West Ferdows Boulevard
77.0,2,1,1,1,Northern Janatabad
58.0,1,0,0,0,Parand
62.0,1,1,0,1,Ostad Moein
65.0,2,1,1,0,West Ferdows Boulevard
60.0,1,1,1,1,Salsabil
35.0,1,0,1,0,Salsabil
54.0,1,0,1,0,Azarbaijan
70.0,2,1,1,1,Southern Program Organization
122.0,3,1,1,1,Ghoba
54.0,1,0,1,0,Salsabil
80.0,2,1,1,1,Shahryar
71.0,2,1,1,1,Salsabil
220.0,4,1,1,0,Shahryar
61.0,1,0,1,0,Qasr-od-Dasht
49.0,1,0,1,0,Hashemi
55.0,2,1,1,1,Salsabil
41.0,1,0,1,0,Hashemi
64.0,2,1,1,0,Salsabil
240.0,4,1,1,0,Andisheh
32.0,1,0,1,0,Hashemi
52.0,1,0,1,0,Hashemi
50.0,1,0,1,0,Salsabil
32.0,1,0,1,1,Eskandari
40.0,1,1,1,1,Azarbaijan
73.0,1,0,1,1,Komeil
50.0,1,1,1,0,Andisheh
45.0,1,0,1,0,Jeyhoon
65.0,2,1,1,0,Qasr-od-Dasht
51.0,1,1,1,1,Salsabil
300.0,3,1,1,0,Golestan
100.0,2,1,1,0,Pardis
55.0,2,1,1,1,Azarbaijan
200.0,2,0,0,0,Kahrizak
38.0,1,1,1,1,Karoon
140.0,3,1,1,1,Farmanieh
42.0,1,0,1,0,
58.0,1,1,1,0,Central Janatabad
67.0,2,0,1,1,Jeyhoon
57.0,1,1,1,0,Salsabil
53.0,2,1,1,0,Jeyhoon
95.0,2,1,1,1,Niavaran
128.0,3,1,1,1,Pirouzi
62.0,2,0,0,1,Parand
60.0,1,0,1,0,Salsabil
52.0,1,1,1,0,Salsabil
52.0,1,0,1,0,Jeyhoon
45.0,1,0,1,1,Karoon
60.0,1,1,1,1,Ekhtiarieh
83.0,2,0,1,1,Valiasr
211.0,3,1,1,1,Marzdaran
65.0,2,1,1,0,Karoon
115.0,2,0,1,0,Ostad Moein
70.0,2,1,1,0,Central Janatabad
51.0,1,0,1,0,Salsabil
100.0,2,1,1,1,Niavaran
115.0,2,1,1,1,Zaferanieh
160.0,3,1,1,1,Niavaran
107.0,2,1,1,1,Hekmat
82.0,2,1,0,1,Parand
135.0,2,1,1,1,Zaferanieh
198.0,3,1,1,1,Ekhtiarieh
85.0,2,1,1,1,Andisheh
92.0,2,1,1,1,Shams Abad
115.0,2,1,1,1,Zaferanieh
65.0,1,1,1,1,East Ferdows Boulevard
175.0,3,1,1,1,Farmanieh
95.0,2,1,1,1,Gheitarieh
225.0,3,1,1,1,Farmanieh
270.0,4,1,1,1,Niavaran
200.0,3,1,1,1,Niavaran
60.0,1,1,1,1,Northern Chitgar
88.0,2,0,1,1,Shams Abad
250.0,3,1,1,1,Niavaran
55.0,1,0,1,0,Pirouzi
91.0,2,1,1,1,Ostad Moein
80.0,2,1,1,0,Punak
74.0,2,0,0,0,Parand
90.0,2,1,1,0,Pirouzi
43.0,1,0,1,1,Si Metri Ji
78.0,2,0,1,1,Parand
72.0,2,1,0,1,Parand
100.0,2,0,0,0,Kahrizak
110.0,2,1,0,0,Amirabad
62.0,1,0,1,0,Islamshahr
120.0,1,0,0,0,Afsarieh
120.0,2,1,1,1,Ekhtiarieh
64.0,2,1,1,1,Ostad Moein
147.0,3,1,1,1,Saadat Abad
140.0,3,1,1,1,Kamranieh
170.0,3,1,1,1,Heravi
109.0,2,1,1,1,Heravi
310.0,3,1,1,1,Aqdasieh
283.0,3,1,1,1,Farmanieh
66.0,1,0,0,0,Shahedshahr
75.0,2,0,1,0,Golestan
63.0,2,1,1,1,Ostad Moein
77.0,2,1,1,1,Gholhak
59.0,2,1,1,1,Shahr-e-Ziba
220.0,5,1,0,0,Andisheh
66.0,2,1,1,0,Southern Program Organization
80.0,2,1,1,0,Shahr-e-Ziba
55.0,1,0,0,1,Northren Jamalzadeh
63.0,2,0,1,0,Andisheh
92.0,2,1,1,1,Punak
88.0,2,1,1,1,Shahrake Gharb
75.0,2,1,1,1,Jeyhoon
114.0,2,1,1,1,Pakdasht
80.0,2,1,1,1,Punak
50.0,1,0,0,0,Shahrake Qods
66.0,2,1,1,1,Punak
102.0,2,1,1,1,Sattarkhan
72.0,2,1,1,1,Punak
62.0,1,0,0,0,Qasr-od-Dasht
110.0,2,0,1,1,Pakdasht
70.0,2,1,1,1,Zafar
115.0,2,1,1,1,Saadat Abad
71.0,2,1,1,0,Jeyhoon
125.0,2,1,1,1,Shahrake Qods
42.0,1,1,0,1,Shahran
66.0,2,1,1,0,Narmak
65.0,1,0,0,0,
130.0,4,0,0,0,Mehrabad
65.0,1,1,1,1,Southern Program Organization
39.0,1,0,0,0,Salsabil
60.0,2,0,1,1,Qasr-od-Dasht
75.0,2,1,1,1,Salsabil
70.0,1,0,1,0,Salsabil
57.0,2,1,1,1,Salsabil
39.0,1,0,1,0,Salsabil
70.0,2,0,0,0,Tehran Now
110.0,2,1,1,1,Ekhtiarieh
47.0,1,0,1,0,Qasr-od-Dasht
114.0,2,0,0,0,Northern Suhrawardi
60.0,1,0,1,1,Southern Suhrawardi
115.0,3,1,1,1,Islamshahr
110.0,3,1,1,1,Heravi
78.0,2,1,1,1,Jeyhoon
80.0,2,1,1,1,Ekhtiarieh
78.0,2,0,0,1,Parand
73.0,2,1,1,0,Andisheh
63.0,2,1,1,0,Azarbaijan
98.0,2,1,1,1,Andisheh
105.0,2,1,1,1,Islamshahr
50.0,1,1,1,0,Tehransar
51.0,1,0,1,1,Kahrizak
105.0,3,1,1,1,Kahrizak
55.0,1,0,1,1,Kahrizak
105.0,2,1,1,1,Kahrizak
105.0,3,1,1,1,Kahrizak
70.0,2,1,1,1,Kahrizak
82.0,2,1,1,1,Kahrizak
50.0,1,1,1,1,Mirdamad
105.0,2,1,1,1,Pardis
110.0,2,1,1,1,Gholhak
85.0,2,1,1,1,Kahrizak
78.0,2,1,1,0,Punak
106.0,2,1,1,1,Pardis
95.0,2,1,1,1,Gheitarieh
62.0,1,1,0,1,Tehransar
78.0,2,0,0,0,Damavand
225.0,4,1,1,1,Kamranieh
72.0,2,1,1,0,Shahran
50.0,1,1,0,0,Parand
50.0,1,0,1,0,Abuzar
103.0,2,0,1,0,Northern Suhrawardi
47.0,1,1,1,0,Dolatabad
90.0,2,1,1,1,Karoon
80.0,2,1,1,1,Punak
450.0,4,1,1,1,Niavaran
72.0,2,1,1,1,Salsabil
258.0,4,1,1,0,Jordan
98.0,2,1,1,1,Salsabil
130.0,3,0,1,0,Shahrake Qods
104.0,2,1,1,1,Shahrake Qods
140.0,3,1,1,1,Ekhtiarieh
96.0,2,1,1,1,Shahran
58.0,1,0,1,0,Shahrake Qods
150.0,3,1,1,1,Salsabil
55.0,2,1,1,0,Shahran
60.0,1,0,0,0,Shahrake Qods
98.0,2,1,1,1,Pardis
85.0,2,1,1,1,Shahrake Qods
85.0,2,1,0,1,Elm-o-Sanat
80.0,2,1,1,1,Hor Square
57.0,1,0,0,1,Niavaran
63.0,1,1,1,0,Jeyhoon
85.0,2,1,1,1,Hor Square
70.0,2,1,1,1,Hor Square
100.0,2,1,1,1,Hor Square
90.0,2,1,1,1,Hor Square
75.0,2,0,0,0,Parand
42.0,1,1,0,0,Nezamabad
250.0,4,1,1,1,Zaferanieh
83.0,2,1,1,1,Dolatabad
90.0,2,1,1,1,Damavand
72.0,2,1,1,1,Razi
52.0,1,0,0,0,Damavand
106.0,2,1,1,1,Damavand
73.0,2,1,1,1,Parand
100.0,2,1,1,1,Razi
85.0,2,1,1,0,Shahrake Qods
49.0,1,0,0,0,Abuzar
115.0,2,1,1,1,East Pars
127.0,2,1,1,1,Narmak
93.0,2,0,1,1,Gisha
47.0,1,0,0,0,Islamshahr
117.0,3,1,1,1,Tarasht
182.0,3,1,1,1,Marzdaran
160.0,3,1,1,1,Azarbaijan
163.0,3,1,1,1,Marzdaran
83.0,2,1,1,0,Damavand
142.0,3,1,1,1,Heravi
92.0,2,1,1,1,Pardis
100.0,2,1,0,1,Parand
60.0,1,1,1,0,Parand
58.0,1,0,0,1,Parand
85.0,2,1,1,1,Pardis
87.0,2,1,1,1,Pardis
88.0,1,0,0,1,Parand
210.0,4,1,1,0,Narmak
72.0,2,1,1,1,Razi
101.0,2,1,1,1,Feiz Garden
68.0,2,0,1,1,Parand
60.0,1,0,1,1,Islamshahr
65.0,2,0,1,1,Islamshahr
117.0,2,1,1,1,Shahrake Gharb
96.0,1,0,0,0,Islamshahr
98.0,2,1,1,1,Pardis
52.0,1,1,1,0,Andisheh
85.0,2,1,1,1,Punak
62.0,2,1,1,1,Punak
74.0,2,0,0,0,Parand
74.0,2,0,0,1,Parand
58.0,1,0,0,0,Parand
125.0,3,1,1,0,Parand
75.0,2,0,0,1,Parand
58.0,5,0,0,1,Parand
74.0,2,1,1,1,Parand
45.0,1,0,1,1,Pirouzi
58.0,1,1,1,1,Parand
75.0,2,0,0,0,Parand
75.0,2,1,0,1,Parand
88.0,2,1,1,1,Southern Janatabad
130.0,2,1,1,0,Jeyhoon
120.0,2,1,1,1,Majidieh
85.0,2,1,1,1,Central Janatabad
150.0,3,1,1,1,Punak
165.0,3,1,1,1,Gheitarieh
240.0,4,1,1,0,Andisheh
76.0,2,1,1,0,West Ferdows Boulevard
120.0,2,1,1,1,Shahrake Gharb
165.0,3,0,1,0,Heshmatieh
73.0,2,1,0,0,Central Janatabad
70.0,2,1,1,1,East Ferdows Boulevard
120.0,3,1,1,1,Shahr-e-Ziba
79.0,2,1,1,1,Persian Gulf Martyrs Lake
90.0,2,1,1,1,Shahrake Qods
128.0,2,0,1,0,Parand
75.0,2,1,1,1,Southern Janatabad
94.0,2,1,1,1,Taslihat
106.0,2,1,1,1,Pakdasht
72.0,2,1,1,1,Punak
208.0,2,1,1,0,Persian Gulf Martyrs Lake
126.0,3,1,1,1,Zafar
105.0,2,1,1,0,Rudhen
92.0,2,0,1,1,Kazemabad
80.0,2,1,1,1,Si Metri Ji
130.0,1,1,1,0,Damavand
300.0,4,1,1,1,Tajrish
73.0,2,1,1,1,Persian Gulf Martyrs Lake
100.0,2,0,1,1,Shahedshahr
80.0,2,1,1,0,Islamshahr
105.0,2,1,1,1,Feiz Garden
59.0,1,1,1,1,Narmak
41.0,1,1,1,0,Si Metri Ji
85.0,2,1,1,1,Zafar
66.0,1,0,1,0,Shahran
78.0,2,0,0,1,Parand
113.0,2,1,1,0,Islamshahr
88.0,2,1,1,1,Central Janatabad
96.0,2,0,0,0,Haft Tir
180.0,5,1,1,0,Shahrake Gharb
59.0,2,0,1,0,Karoon
58.0,2,0,1,1,Qasr-od-Dasht
46.0,1,0,1,0,Jeyhoon
67.0,1,1,1,1,Shams Abad
57.0,2,0,0,0,Salsabil
95.0,2,1,1,1,Central Janatabad
73.0,1,1,1,1,Pakdasht
87.0,2,1,1,1,Pardis
122.0,4,1,0,1,Keshavarz Boulevard
50.0,1,0,0,0,Karoon
62.0,1,0,0,0,Karoon
86.0,2,1,1,1,Pasdaran
53.0,1,0,0,0,Jeyhoon
100.0,2,1,1,1,Persian Gulf Martyrs Lake
55.0,1,1,1,0,Robat Karim
58.0,1,0,0,1,Parand
78.0,2,1,1,0,Islamshahr
145.0,3,1,1,1,Elahieh
110.0,2,1,1,1,Yousef Abad
64.0,1,1,1,1,Robat Karim
86.0,2,0,1,0,East Pars
75.0,2,0,0,0,Damavand
110.0,2,1,1,1,Feiz Garden
71.0,2,0,0,0,West Ferdows Boulevard
90.0,2,1,1,1,Southern Janatabad
63.0,1,1,0,1,Pirouzi
50.0,0,1,1,1,Northern Chitgar
85.0,2,1,0,1,Pardis
83.0,2,1,1,1,Pasdaran
175.0,3,1,1,1,Elahieh
57.0,1,1,1,1,Pasdaran
66.0,2,0,0,0,Feiz Garden
74.0,2,1,1,1,Shahran
45.0,1,1,0,1,Ray - Pilgosh
78.0,2,1,1,1,Ekhtiarieh
75.0,2,0,1,1,Parand
103.0,2,1,1,1,Islamshahr
61.0,1,0,0,0,Feiz Garden
124.0,3,1,1,1,Shahr-e-Ziba
62.0,1,0,0,0,Damavand
110.0,2,1,1,1,Gholhak
180.0,3,1,1,1,Pasdaran
40.0,1,1,1,0,Andisheh
95.0,2,1,1,1,Republic
104.0,2,1,1,0,Tehran Now
37.0,1,1,1,0,Andisheh
60.0,1,1,1,0,Shahryar
69.0,2,1,1,1,Shahran
95.0,2,1,0,1,Niavaran
51.0,1,1,1,0,Andisheh
106.0,2,1,1,1,Zargandeh
100.0,2,1,1,1,Narmak
80.0,2,1,1,1,Koohsar
78.0,2,1,1,1,Ghiyamdasht
90.0,2,1,1,1,Damavand
95.0,2,0,1,1,Saadat Abad
86.0,3,0,1,1,Parand
65.0,1,1,1,1,Golestan
102.0,1,0,1,0,Islamshahr
75.0,2,1,1,1,Southern Janatabad
150.0,5,1,1,0,Shahr-e-Ziba
60.0,1,1,1,1,Parand
72.0,1,1,1,1,Elahieh
93.0,2,0,0,0,Pirouzi
106.0,2,1,1,1,Gholhak
48.0,1,0,1,0,Shahedshahr
75.0,2,1,1,0,Southern Janatabad
163.0,2,1,1,1,Farmanieh
119.0,2,1,1,1,Shahran
65.0,2,1,1,1,Abazar
57.0,1,0,0,1,Pakdasht
74.0,2,0,1,1,Telecommunication
119.0,3,1,1,1,Shahran
68.0,1,0,0,0,Islamshahr
180.0,4,1,1,1,Northern Chitgar
70.0,1,1,1,1,Hakimiyeh
60.0,1,1,1,1,Qasr-od-Dasht
88.0,2,0,1,0,Air force
82.0,2,1,1,1,Shahran
63.0,1,1,1,1,Ray
120.0,3,1,1,1,Northern Chitgar
56.0,1,0,0,0,Republic
75.0,2,1,0,1,Saadat Abad
60.0,1,0,1,0,Golestan
50.0,2,1,1,1,Persian Gulf Martyrs Lake
253.0,5,1,1,0,North Program Organization
111.0,2,1,1,1,East Ferdows Boulevard
105.0,3,1,1,1,North Program Organization
92.0,1,1,1,1,Niavaran
350.0,4,1,1,1,Gheitarieh
100.0,2,1,1,1,Mirza Shirazi
150.0,3,1,1,1,Northern Chitgar
94.0,2,0,1,0,Northren Jamalzadeh
140.0,3,1,1,1,Northren Jamalzadeh
65.0,4,1,1,0,Yousef Abad
84.0,2,1,1,1,Northren Jamalzadeh
114.0,2,1,1,1,Mehran
114.0,2,1,1,1,Northren Jamalzadeh
40.0,1,1,0,1,Northren Jamalzadeh
82.0,2,0,0,1,Parand
87.0,2,1,1,1,Koohsar
86.0,2,0,0,1,Parand
500.0,5,1,1,0,Gandhi
61.0,1,0,1,0,Shahr-e-Ziba
96.0,2,1,1,1,Shahr-e-Ziba
90.0,2,1,1,1,Shahran
135.0,3,1,1,1,Northren Jamalzadeh
58.0,1,0,0,1,Parand
114.0,2,1,1,1,Gholhak
75.0,2,0,0,0,Parand
90.0,2,1,1,1,Northren Jamalzadeh
90.0,2,1,1,1,Shahr-e-Ziba
100.0,2,1,1,1,Narmak
82.0,2,1,1,1,Si Metri Ji
58.0,2,1,1,0,Andisheh
70.0,2,1,1,1,Karimkhan
110.0,0,1,1,1,Parand
303.0,5,1,1,0,Argentina
83.0,2,0,0,1,Parand
75.0,2,1,1,1,Parand
54.0,1,0,0,0,Parand
85.0,2,1,1,1,
75.0,2,1,1,1,Parand
78.0,2,1,0,1,Parand
78.0,2,0,0,1,Parand
95.0,2,1,1,1,Marzdaran
100.0,2,1,1,1,Ostad Moein
75.0,2,0,1,1,Parand
114.0,2,1,1,1,Seyed Khandan
50.0,1,0,0,0,Malard
75.0,2,1,0,1,Feiz Garden
105.0,2,1,1,1,Afsarieh
141.0,3,1,1,1,Shahrake Quds
74.0,2,0,1,0,Pirouzi
38.0,1,1,1,0,Fallah
80.0,1,1,1,1,Gheitarieh
102.0,2,1,1,1,Safadasht
110.0,2,1,1,1,Niavaran
98.0,2,0,0,0,Shahrake Qods
45.0,1,0,1,1,Si Metri Ji
105.0,2,1,1,1,Jeyhoon
135.0,2,1,1,0,Rudhen
65.0,1,0,0,1,Saadat Abad
88.0,2,0,1,1,Shahrake Quds
110.0,2,1,1,1,West Ferdows Boulevard
63.0,2,1,1,1,Northren Jamalzadeh
45.0,1,0,1,0,Karoon
40.0,1,0,1,0,Azarbaijan
100.0,2,0,0,0,Northren Jamalzadeh
89.0,2,1,1,0,Amirabad
65.0,2,1,1,0,Afsarieh
125.0,2,1,1,1,Central Janatabad
136.0,3,1,1,1,Pasdaran
150.0,3,1,1,1,Heravi
55.0,1,0,1,0,West Ferdows Boulevard
130.0,3,1,1,1,Seyed Khandan
73.0,2,0,1,0,West Ferdows Boulevard
85.0,2,1,1,1,Northren Jamalzadeh
100.0,2,1,1,1,Tajrish
83.0,2,1,1,1,Ozgol
110.0,3,1,1,1,Persian Gulf Martyrs Lake
71.0,2,1,1,1,North Program Organization
37.0,1,0,1,0,Hashemi
68.0,1,1,1,1,Persian Gulf Martyrs Lake
78.0,1,1,1,1,Persian Gulf Martyrs Lake
60.0,1,1,1,0,Punak
113.0,2,1,1,1,Karimkhan
300.0,5,1,1,0,Lavasan
50.0,2,0,1,0,Jeyhoon
60.0,1,0,1,0,Beryanak
37.0,1,0,0,0,Ostad Moein
33.0,1,0,1,0,Beryanak
73.0,2,0,1,1,Jeyhoon
59.0,1,0,1,0,Beryanak
95.0,2,1,1,1,Qarchak
75.0,2,0,0,0,Parand
65.0,2,0,1,1,Ostad Moein
52.0,1,0,1,0,Pirouzi
105.0,2,1,1,0,Andisheh
50.0,1,0,1,0,Ostad Moein
74.0,2,1,1,1,Pirouzi
132.0,3,1,0,1,Southern Suhrawardi
104.0,2,1,1,1,Mehran
50.0,1,0,0,0,Jeyhoon
55.0,1,1,1,1,Komeil
46.0,1,0,0,0,Komeil
55.0,2,0,1,1,Beryanak
108.0,2,1,1,0,Parand
130.0,2,1,1,1,Khademabad Garden
,2,1,1,1,Central Janatabad
40.0,1,0,1,0,Tenant
63.0,1,0,0,1,Tenant
140.0,3,1,1,1,Mirdamad
42.0,1,1,1,1,Jeyhoon
90.0,2,1,1,1,Tenant
39.0,1,1,1,0,Andisheh
55.0,2,1,1,1,Andisheh
200.0,3,1,1,1,Shahrake Gharb
98.0,2,1,1,1,Si Metri Ji
71.0,2,1,1,0,Salsabil
50.0,1,0,0,1,Tenant
53.0,1,0,1,0,Tenant
60.0,1,1,1,1,Punak
160.0,3,1,1,1,Pakdasht
63.0,2,1,0,1,Tenant
96.0,2,1,1,1,Tenant
90.0,2,1,1,1,Tenant
120.0,3,1,1,1,Tenant
100.0,2,1,1,1,Tenant
80.0,2,1,1,1,Ostad Moein
43.0,1,1,1,1,Tenant
79.0,2,1,1,1,Tenant
50.0,1,0,0,1,Tenant
60.0,1,0,1,0,Tenant
55.0,1,0,0,0,Tenant
150.0,3,1,1,1,Dezashib
55.0,1,1,1,1,Andisheh
55.0,1,0,1,0,Tenant
60.0,1,1,1,0,Tenant
96.0,2,1,1,1,Gisha
112.0,2,1,1,1,Persian Gulf Martyrs Lake
65.0,2,1,1,0,Andisheh
100.0,2,1,1,1,Persian Gulf Martyrs Lake
105.0,2,1,1,1,Yousef Abad
125.0,3,1,0,0,Mirdamad
48.0,1,1,1,0,Jeyhoon
67.0,2,1,1,1,Hakimiyeh
83.0,2,1,1,1,Farmanieh
150.0,3,1,1,1,Pardis
111.0,3,1,1,1,Persian Gulf Martyrs Lake
53.0,2,0,0,0,Tenant
75.0,2,0,0,1,Parand
92.0,2,1,1,1,Sabalan
53.0,1,1,1,1,Jeyhoon
47.0,1,0,1,0,Karoon
330.0,3,1,1,1,Farmanieh
44.0,1,1,1,0,Jeyhoon
80.0,2,1,1,1,Gheitarieh
81.0,2,1,1,0,Valiasr
117.0,3,1,1,1,Ostad Moein
37.0,1,0,1,0,Azarbaijan
82.0,2,1,1,1,Parand
150.0,3,0,1,0,Zafar
51.0,1,1,1,0,Hor Square
95.0,2,1,1,1,Shahran
80.0,2,0,0,1,Parand
133.0,3,1,1,1,Ekhtiarieh
48.0,1,0,0,1,Fallah
185.0,3,1,1,1,East Ferdows Boulevard
62.0,1,1,1,1,Fallah
75.0,2,1,0,1,Fallah
48.0,1,0,0,1,Fallah
55.0,3,1,1,1,Hashemi
48.0,1,1,1,1,Ostad Moein
49.0,1,1,1,1,Si Metri Ji
60.0,2,0,1,1,East Pars
130.0,3,1,1,1,Persian Gulf Martyrs Lake
70.0,2,1,0,1,Ray
113.0,2,1,1,1,Persian Gulf Martyrs Lake
80.0,2,1,1,1,Abazar
93.0,2,1,1,0,Shahrake Quds
60.0,1,1,1,1,Railway
56.0,2,1,1,1,East Pars
65.0,2,1,1,1,Central Janatabad
68.0,2,0,1,1,Ostad Moein
104.0,2,1,1,1,Si Metri Ji
84.0,2,1,1,1,Central Janatabad
72.0,2,1,1,0,West Ferdows Boulevard
80.0,2,1,1,1,Shahrake Qods
44.0,1,1,1,0,Jeyhoon
105.0,2,1,1,1,Persian Gulf Martyrs Lake
124.0,3,1,1,1,Shahr-e-Ziba
220.0,3,1,1,1,Niavaran
83.0,2,1,1,1,West Ferdows Boulevard
115.0,2,1,1,1,West Ferdows Boulevard
80.0,2,1,1,1,Ostad Moein
66.0,1,0,1,0,Andisheh
68.0,2,1,1,1,West Ferdows Boulevard
60.0,2,1,1,1,West Ferdows Boulevard
62.0,2,1,1,0,Punak
87.0,2,1,0,1,Parastar
59.0,1,1,1,0,West Ferdows Boulevard
55.0,1,1,1,1,East Pars
101.0,2,1,1,1,Persian Gulf Martyrs Lake
62.0,2,1,1,0,Shahran
113.0,2,1,1,1,Pasdaran
78.0,2,1,1,1,Keshavarz Boulevard
66.0,1,1,1,0,Shahrake Quds
38.0,1,0,1,0,Andisheh
90.0,2,1,1,0,Yousef Abad
45.0,1,0,0,0,Karoon
72.0,2,1,1,1,Saadat Abad
105.0,2,1,1,1,North Program Organization
155.0,3,1,1,1,North Program Organization
112.0,3,1,1,1,Abazar
65.0,1,1,1,1,Hassan Abad
40.0,1,1,1,1,East Pars
140.0,3,1,1,1,Persian Gulf Martyrs Lake
155.0,3,1,1,1,North Program Organization
50.0,1,1,1,1,West Ferdows Boulevard
45.0,1,0,1,0,Islamshahr
68.0,1,1,1,1,Shahrake Gharb
85.0,2,0,1,0,Islamshahr
170.0,3,1,1,1,North Program Organization
50.0,1,0,1,0,Islamshahr
55.0,1,0,1,0,Islamshahr
75.0,2,1,1,1,Saadat Abad
96.0,3,1,0,1,Shahryar
58.0,1,0,0,0,Parand
43.0,1,0,1,0,Nawab
103.0,2,1,1,1,Feiz Garden
70.0,1,1,1,1,Pasdaran
150.0,3,1,1,1,Pasdaran
65.0,1,0,1,0,Pakdasht
140.0,2,0,1,1,Marzdaran
79.0,2,0,1,1,Si Metri Ji
97.0,2,0,0,1,Jeyhoon
90.0,2,1,1,1,Marzdaran
175.0,3,1,1,1,Waterfall
90.0,2,1,1,1,Marzdaran
58.0,1,1,1,0,Chidz
100.0,2,1,1,1,Mahallati
135.0,2,0,0,0,Seyed Khandan
185.0,3,1,1,1,Ekhtiarieh
50.0,1,0,1,0,Northern Janatabad
85.0,2,1,1,1,Salsabil
110.0,3,1,1,1,Abazar
67.0,2,1,1,1,Central Janatabad
190.0,3,1,1,1,East Ferdows Boulevard
95.0,2,1,1,1,Yousef Abad
55.0,1,1,1,0,Salsabil
75.0,2,0,0,1,Parand
87.0,2,1,1,1,Jeyhoon
42.0,1,1,1,1,Jeyhoon
80.0,1,1,1,1,Jordan
102.0,2,1,1,1,Saadat Abad
140.0,3,1,1,1,East Ferdows Boulevard
120.0,2,1,1,1,Saadat Abad
212.0,4,1,1,0,Farmanieh
62.0,2,1,1,0,Punak
41.0,1,0,0,1,Si Metri Ji
75.0,2,0,1,1,Jeyhoon
57.0,1,1,1,1,Si Metri Ji
50.0,1,1,1,1,Hashemi
54.0,1,1,1,1,Punak
133.0,3,1,1,1,Persian Gulf Martyrs Lake
97.0,2,1,1,1,Shahrake Gharb
165.0,3,1,1,1,Niavaran
59.0,1,1,1,1,Qasr-od-Dasht
60.0,2,1,1,0,Karoon
135.0,2,1,1,1,Mirdamad
60.0,1,0,1,0,Azarbaijan
52.0,1,1,1,1,Niavaran
65.0,1,1,1,1,Hashemi
95.0,2,1,1,1,Shahran
60.0,1,1,1,0,Northern Janatabad
92.0,2,1,1,1,Parand
83.0,2,1,1,1,Mirdamad
72.0,2,1,1,0,Southern Janatabad
122.0,3,1,1,1,Yousef Abad
118.0,2,1,1,1,Shahrake Gharb
120.0,2,1,1,1,Tehransar
115.0,3,1,1,0,Gheitarieh
102.0,2,1,1,1,Shahryar
65.0,2,1,1,1,Shahran
70.0,2,1,1,0,Punak
66.0,2,1,1,1,Central Janatabad
60.0,1,1,1,0,Punak
46.0,1,1,1,0,Shahran
180.0,3,1,1,1,Niavaran
60.0,1,0,1,0,Keshavarz Boulevard
145.0,3,1,1,1,Shahrake Qods
63.0,1,1,1,1,Sadeghieh
58.0,1,1,1,1,Jeyhoon
83.0,2,1,1,1,Shahran
136.0,3,1,1,1,Sadeghieh
68.0,2,0,1,0,Pakdasht
55.0,1,0,1,1,Tenant
89.0,2,1,1,1,Shahr-e-Ziba
101.0,2,1,1,1,Mirdamad
85.0,2,1,1,1,Shahr-e-Ziba
87.0,3,0,0,1,Parand
73.0,1,1,1,1,West Pars
98.0,2,1,1,1,Pardis
135.0,3,1,1,1,Gheitarieh
105.0,2,1,1,1,Mirdamad
90.0,2,1,1,0,Shahrake Azadi
71.0,2,1,1,0,West Ferdows Boulevard
75.0,2,1,1,1,Parand
345.0,4,1,1,1,Jordan
90.0,2,1,1,1,Shahr-e-Ziba
48.0,1,1,0,0,Fallah
110.0,2,1,1,1,Niavaran
82.0,2,1,1,1,Jeyhoon
44.0,1,0,0,0,Northern Janatabad
58.0,1,1,1,1,Southern Program Organization
117.0,2,1,1,1,Shahrake Gharb
96.0,2,1,1,1,Shahr-e-Ziba
89.0,2,1,1,1,
108.0,2,1,1,1,Shahr-e-Ziba
134.0,2,1,1,1,Mehran
70.0,2,1,1,1,East Ferdows Boulevard
64.0,2,1,1,1,Punak
56.0,3,0,1,0,Atabak
57.0,1,0,1,0,Amir Bahador
55.0,1,1,1,1,West Ferdows Boulevard
43.0,1,0,1,1,Jeyhoon
105.0,2,1,1,1,Shahran
41.0,2,0,0,0,Salsabil
78.0,2,1,1,1,Si Metri Ji
110.0,2,1,1,1,Zafar
92.0,2,1,1,1,Punak
96.0,2,1,1,1,Gheitarieh
108.0,2,1,1,1,Persian Gulf Martyrs Lake
76.0,2,0,1,1,Si Metri Ji
80.0,2,1,1,1,Heravi
105.0,2,0,0,0,West Ferdows Boulevard
75.0,1,0,1,0,Golestan
56.0,2,1,1,0,Andisheh
50.0,1,0,0,0,Azarbaijan
40.0,1,1,1,0,Jeyhoon
46.0,1,0,1,1,Jeyhoon
93.0,2,1,1,1,Jeyhoon
530.0,4,1,1,1,Dorous
62.0,1,1,1,0,Narmak
100.0,2,1,1,0,Shahr-e-Ziba
150.0,3,1,1,1,Persian Gulf Martyrs Lake
270.0,4,1,1,0,Jordan
50.0,1,0,1,0,Khavaran
130.0,2,1,1,1,Pasdaran
69.0,2,0,1,0,Salsabil
66.0,1,0,1,0,Qarchak
90.0,2,1,1,1,Northern Chitgar
75.0,2,1,1,1,Heravi
58.0,1,1,1,1,East Ferdows Boulevard
300.0,3,1,1,0,Argentina
97.0,2,1,0,1,Si Metri Ji
98.0,2,0,1,0,Parand
73.0,2,1,1,0,Parand
35.0,1,1,1,0,Qasr-od-Dasht
85.0,2,1,1,0,Ostad Moein
105.0,2,1,1,1,West Ferdows Boulevard
55.0,1,1,1,0,Southern Program Organization
40.0,1,0,1,1,Komeil
68.0,2,0,1,0,Ostad Moein
44.0,1,1,1,1,Khavaran
130.0,2,1,1,1,Velenjak
68.0,2,0,0,1,Ostad Moein
90.0,2,1,1,1,North Program Organization
73.0,1,1,1,0,Shahrake Gharb
64.0,2,0,1,0,Shahran
82.0,2,1,1,1,Boloorsazi
51.0,1,0,1,0,Salsabil
43.0,1,0,1,1,Beryanak
65.0,1,1,1,1,Punak
68.0,1,0,0,0,Heravi
65.0,2,1,0,1,Air force
59.0,1,1,1,1,West Ferdows Boulevard
155.0,3,1,1,1,Gheitarieh
58.0,1,1,1,1,Punak
72.0,2,0,0,0,Parand
56.0,1,0,1,0,Khavaran
90.0,2,1,1,1,Central Janatabad
93.0,2,1,1,1,Shahran
84.0,2,1,1,1,Shahran
107.0,2,1,1,1,Parand
150.0,3,1,1,1,Tajrish
120.0,2,0,0,0,Mehrabad River River
87.0,2,1,0,1,Parand
76.0,2,1,1,0,Shahran
83.0,2,1,1,1,Shahran
115.0,2,1,1,1,Central Janatabad
115.0,2,1,1,1,Jordan
85.0,2,1,0,1,Abuzar
50.0,2,0,1,0,Komeil
123.0,2,1,1,1,Yousef Abad
115.0,2,1,0,1,Shahrake Qods
47.0,1,0,1,0,Qasr-od-Dasht
40.0,1,0,1,0,Salsabil
250.0,3,1,1,1,Velenjak
85.0,2,0,1,1,Shahrake Qods
80.0,2,1,1,1,Jeyhoon
750.0,5,1,1,0,Varamin - Beheshti
85.0,2,0,0,1,Jeyhoon
170.0,3,1,1,1,Mirdamad
71.0,2,0,1,1,Shahrake Qods
105.0,2,1,1,1,Shahrake Qods
80.0,1,0,1,1,Shahrake Qods
95.0,2,1,1,1,Shahrake Qods
78.0,2,1,1,0,Water Organization
110.0,2,1,1,1,Shahran
71.0,2,1,1,1,East Ferdows Boulevard
65.0,1,1,1,1,Saadat Abad
88.0,2,1,1,1,Saadat Abad
135.0,3,1,1,1,Saadat Abad
50.0,1,1,1,0,Si Metri Ji
42.0,1,0,1,0,Shoosh
171.0,2,0,1,0,Elahieh
60.0,1,0,0,0,Shahr-e-Ziba
45.0,1,0,1,0,Jeyhoon
55.0,1,0,1,0,Salsabil
72.0,2,0,1,0,Salsabil
72.0,2,1,1,1,Ostad Moein
100.0,2,1,1,1,Southern Janatabad
61.0,1,0,0,1,Ostad Moein
253.0,4,1,1,1,Jordan
72.0,2,1,1,1,Jeyhoon
98.0,2,1,1,1,Shahran
145.0,3,1,1,1,Vanak
93.0,2,1,1,1,Saadat Abad
125.0,3,1,1,1,Salsabil
60.0,2,1,1,0,Azarbaijan
120.0,2,1,1,1,Yousef Abad
118.0,2,1,1,1,Northern Chitgar
89.0,2,1,1,1,Punak
62.0,1,1,1,1,Komeil
80.0,2,1,1,1,North Program Organization
77.0,2,0,1,1,Azarbaijan
72.0,2,0,0,0,Andisheh
80.0,2,1,1,1,East Ferdows Boulevard
62.0,1,1,1,1,Northern Chitgar
94.0,2,0,1,0,Fatemi
91.0,2,1,1,1,Parand
92.0,2,1,1,1,Shahran
71.0,1,1,1,1,Shahran
92.0,2,1,1,1,Shahr-e-Ziba
63.0,2,0,1,1,Taslihat
90.0,2,1,1,1,Sadeghieh
140.0,3,1,1,1,Kook
63.0,1,1,0,1,Thirteen November
81.0,2,1,1,1,West Ferdows Boulevard
98.0,2,1,1,1,Zargandeh
84.0,2,1,1,1,Shahran
92.0,2,1,1,1,Shahran
86.0,2,1,1,1,Shahedshahr
56.0,1,1,1,1,Shahran
74.0,2,1,1,1,
90.0,2,1,1,1,Northern Chitgar
48.0,1,0,0,0,Hashemi
80.0,2,1,1,1,Punak
120.0,2,1,1,1,Railway
39.0,1,1,0,1,Ostad Moein
80.0,2,1,1,1,Jeyhoon
190.0,3,1,1,1,Niavaran
210.0,3,1,1,1,Kamranieh
90.0,2,1,1,1,Central Janatabad
75.0,2,0,0,1,Parand
67.0,1,1,1,0,Punak
72.0,2,1,1,1,Darakeh
93.0,2,1,1,1,Persian Gulf Martyrs Lake
119.0,2,1,1,1,West Ferdows Boulevard
62.0,2,1,1,1,Punak
320.0,5,0,0,0,Sattarkhan
145.0,5,0,0,0,Jeyhoon
75.0,2,0,0,0,Parand
73.0,2,1,1,0,Aliabad South
62.0,2,0,1,0,Punak
149.0,3,1,1,1,Parand
68.0,2,0,1,1,Punak
75.0,2,1,1,0,West Ferdows Boulevard
133.0,5,0,0,0,Jeyhoon
63.0,2,1,1,0,Punak
58.0,1,1,1,1,Pirouzi
67.0,1,1,1,1,Jordan
70.0,1,1,1,1,Shahran
135.0,3,1,1,1,Niavaran
122.0,4,1,0,1,Amirabad
80.0,2,1,1,1,Shahran
55.0,1,1,1,1,Punak
86.0,2,1,1,0,Shahran
30.0,0,0,1,0,Ostad Moein
88.0,2,1,1,1,Southern Janatabad
220.0,3,1,1,1,Jordan
102.0,2,1,1,0,ShahrAra
97.0,2,1,1,1,Gheitarieh
150.0,3,1,1,1,Yousef Abad
64.0,1,1,1,0,Alborz Complex
100.0,2,1,1,1,Shahran
97.0,2,1,1,1,Shahran
80.0,2,1,1,1,Shahran
53.0,1,0,1,1,Narmak
68.0,2,1,1,1,Ostad Moein
105.0,2,1,1,0,Fatemi
70.0,2,1,1,0,Punak
86.0,2,1,1,1,Central Janatabad
62.0,1,0,1,0,Beryanak
40.0,2,0,0,0,Salsabil
57.0,1,1,0,1,Karoon
40.0,1,0,1,0,Qasr-od-Dasht
35.0,1,1,1,0,Salsabil
112.0,2,1,1,1,Gheitarieh
140.0,3,1,1,1,Saadat Abad
48.0,1,0,0,1,Eskandari
175.0,3,1,1,1,Kamranieh
135.0,2,1,1,1,Ekhtiarieh
45.0,1,0,1,0,Karoon
50.0,1,1,1,0,Azarbaijan
61.0,1,1,1,1,Central Janatabad
47.0,1,1,1,0,Salsabil
210.0,3,1,1,1,Farmanieh
82.0,2,0,0,1,Parand
72.0,2,0,0,0,Pirouzi
44.0,1,0,1,0,Jeyhoon
58.0,1,0,1,0,Azarbaijan
127.0,2,1,1,1,Shahryar
124.0,3,1,1,1,Gheitarieh
65.0,2,1,1,1,Shahran
110.0,2,1,1,1,Gheitarieh
200.0,4,1,1,1,Niavaran
240.0,3,1,1,0,Elahieh
75.0,2,0,0,1,Parand
130.0,1,1,1,1,Ostad Moein
72.0,2,0,0,0,Pishva
101.0,2,1,1,1,Jordan
82.0,2,1,1,1,Punak
150.0,3,1,1,0,Elahieh
48.0,1,0,0,0,Beryanak
115.0,2,1,1,1,
106.0,2,1,1,1,Farmanieh
205.0,3,1,1,1,Farmanieh
125.0,2,1,1,1,Gheitarieh
85.0,2,1,1,1,Shahr-e-Ziba
220.0,4,1,1,0,Azarbaijan
104.0,2,0,0,0,Shahran
99.0,2,1,1,1,Shahran
165.0,3,1,1,1,Shahrake Gharb
98.0,2,1,1,1,Pardis
71.0,2,0,1,1,Shahr-e-Ziba
104.0,2,1,1,1,Persian Gulf Martyrs Lake
102.0,2,1,1,1,Shahran
112.0,2,1,1,1,Shahran
80.0,1,0,1,0,Shahrake Qods
69.0,2,1,1,1,Jeyhoon
135.0,3,1,1,1,Saadat Abad
44.0,1,0,1,0,Qasr-od-Dasht
80.0,2,1,1,0,Shahr-e-Ziba
80.0,2,1,1,1,Persian Gulf Martyrs Lake
60.0,1,0,0,0,Parand
108.0,2,1,1,1,Saadat Abad
150.0,2,1,1,1,Mirdamad
78.0,2,0,0,0,Parand
77.0,2,1,1,0,Firoozkooh
160.0,5,1,1,0,Yousef Abad
106.0,2,1,1,1,Golestan
135.0,3,1,1,1,West Pars
102.0,3,0,0,1,Amirabad
68.0,2,1,1,1,Punak
77.0,2,1,1,1,Jeyhoon
72.0,2,1,1,0,
84.0,2,0,1,1,Vahidiyeh
69.0,1,1,1,1,Shadabad
55.0,1,1,1,1,Andisheh
94.0,2,1,1,1,West Ferdows Boulevard
120.0,3,1,1,1,Persian Gulf Martyrs Lake
90.0,2,1,1,1,Persian Gulf Martyrs Lake
54.0,1,0,1,0,Beryanak
144.0,3,1,1,1,Gheitarieh
80.0,2,0,0,0,Parand
110.0,3,1,1,1,Ozgol
55.0,2,0,1,0,Yousef Abad
65.0,2,0,1,0,Punak
60.0,2,1,1,1,Salsabil
69.0,2,1,1,0,Andisheh
180.0,4,1,1,1,Persian Gulf Martyrs Lake
180.0,2,1,1,0,Parand
130.0,2,0,1,0,Narmak
120.0,2,1,1,1,
82.0,2,1,1,1,Gheitarieh
128.0,3,1,1,1,Gheitarieh
103.0,2,1,1,1,
85.0,2,1,1,1,Farmanieh
68.0,1,1,0,1,Ahang
110.0,3,1,1,1,West Pars
94.0,2,0,0,1,Parand
42.0,1,0,0,0,Naziabad
63.0,1,1,1,1,Punak
62.0,1,0,0,1,Parand
155.0,3,1,1,1,Jordan
65.0,2,1,1,1,Afsarieh
138.0,3,1,1,1,Jordan
135.0,3,1,1,1,Azarbaijan
71.0,1,0,1,1,Pardis
175.0,3,1,1,1,Kook
145.0,3,1,1,1,Shahrake Gharb
285.0,4,1,1,1,Shahrake Gharb
125.0,3,1,1,1,Shahrake Gharb
115.0,2,1,1,1,Shahrake Gharb
59.0,1,1,1,1,Andisheh
89.0,3,1,1,1,Parand
65.0,1,1,1,1,Parand
78.0,2,1,1,1,Parand
82.0,2,1,1,1,Central Janatabad
125.0,2,0,1,0,Gheitarieh
60.0,2,0,1,1,Vahidieh
57.0,2,0,1,0,Salsabil
66.0,2,0,1,0,Afsarieh
80.0,2,1,1,1,West Ferdows Boulevard
46.0,1,1,1,1,Shahran
80.0,2,1,1,1,East Ferdows Boulevard
73.0,2,1,1,1,Southern Janatabad
115.0,2,0,0,0,Northern Janatabad
65.0,2,1,1,0,West Pars
72.0,2,1,1,1,Southern Janatabad
80.0,2,1,1,1,Southern Janatabad
135.0,3,1,1,1,
80.0,2,1,1,1,Central Janatabad
97.0,2,1,1,1,Narmak
150.0,3,1,1,1,Niavaran
175.0,3,1,1,1,ShahrAra
74.0,1,0,1,1,Parand
157.0,3,1,1,1,Marzdaran
92.0,2,1,1,1,Feiz Garden
190.0,3,1,1,1,Pasdaran
110.0,2,1,1,1,Pasdaran
50.0,1,0,1,0,Pirouzi
197.0,3,1,1,1,Marzdaran
107.0,2,1,1,1,Chidz
78.0,2,1,1,1,Farmanieh
46.0,1,1,1,1,Central Janatabad
112.0,2,1,1,1,Mahmoudieh
60.0,1,0,1,0,Tehran Now
120.0,2,1,1,1,Niavaran
115.0,2,1,1,1,Ghoba
95.0,2,1,1,1,Southern Janatabad
92.0,2,1,1,1,Central Janatabad
71.0,2,1,1,0,West Ferdows Boulevard
95.0,2,1,1,1,Damavand
40.0,1,0,1,0,Salsabil
52.0,1,1,1,1,Punak
84.0,2,1,1,1,Salsabil
80.0,2,1,1,1,Amirieh
58.0,1,0,1,0,Salsabil
68.0,2,1,1,1,Shahran
90.0,2,1,1,1,Southern Janatabad
65.0,1,0,1,0,Republic
200.0,2,0,0,0,Rudhen
72.0,2,1,1,1,Amirieh
80.0,2,1,1,1,Qasr-od-Dasht
71.0,2,1,1,1,Amirieh
86.0,2,1,1,1,Amirieh
75.0,2,0,1,1,Parand
54.0,1,1,1,1,West Ferdows Boulevard
60.0,1,1,1,1,Shahr-e-Ziba
105.0,3,1,1,1,East Ferdows Boulevard
72.0,2,1,1,1,Abazar
186.0,3,1,1,1,Pasdaran
110.0,2,1,1,1,Heravi
78.0,2,1,0,1,
84.0,2,1,1,1,Islamshahr
53.0,1,0,0,0,Kahrizak
63.0,3,0,1,0,Javadiyeh
53.0,1,0,1,0,Shahran
105.0,2,1,1,1,Southern Janatabad
100.0,2,1,1,1,Saadat Abad
93.0,2,1,1,1,Saadat Abad
83.0,3,0,0,0,Atabak
100.0,2,1,1,1,Saadat Abad
80.0,2,0,0,0,Damavand
90.0,2,1,1,1,Saadat Abad
73.0,2,1,1,1,Central Janatabad
82.0,2,1,1,1,Shahran
148.0,3,1,1,1,Yousef Abad
90.0,2,1,0,1,Shahran
112.0,2,1,1,1,Darabad
45.0,1,0,0,1,Si Metri Ji
70.0,2,1,1,0,Narmak
107.0,2,1,1,1,Mirdamad
37.0,1,1,1,1,Tehransar
65.0,1,1,1,1,Jeyhoon
66.0,2,0,1,0,Yakhchiabad
130.0,3,1,1,1,Persian Gulf Martyrs Lake
63.0,3,1,1,0,Shoosh
75.0,2,0,1,0,Shahrake Quds
52.0,1,1,0,0,Jeyhoon
86.0,3,0,1,1,Parand
58.0,1,0,0,1,Parand
76.0,2,1,1,1,West Ferdows Boulevard
87.0,2,1,1,1,
54.0,0,0,0,0,Shahrake Qods
140.0,3,1,1,1,Daryan No
74.0,2,0,0,1,Parand
186.0,3,1,1,1,Velenjak
140.0,3,1,1,1,Mehran
114.0,2,1,1,1,Persian Gulf Martyrs Lake
51.0,1,0,0,1,Ostad Moein
180.0,3,1,1,1,Kamranieh
70.0,1,1,1,1,Punak
120.0,3,1,1,1,Sattarkhan
137.0,3,1,1,1,Punak
92.0,2,1,1,1,Shahran
45.0,1,1,1,0,West Ferdows Boulevard
68.0,2,0,1,1,Waterfall
85.0,2,0,1,1,Central Janatabad
118.0,2,1,1,1,Mehran
180.0,3,1,1,0,Marzdaran
60.0,1,1,1,0,West Ferdows Boulevard
80.0,2,0,1,1,Shahryar
86.0,2,0,1,0,Vahidiyeh
123.0,3,1,1,1,Velenjak
148.0,3,1,1,1,Daryan No
58.0,1,0,0,1,Parand
60.0,1,1,1,1,West Ferdows Boulevard
133.0,3,1,0,1,Shahrake Gharb
94.0,2,0,1,1,Damavand
68.0,2,0,1,1,Beryanak
61.0,2,0,1,0,Andisheh
75.0,2,1,1,1,West Ferdows Boulevard
81.0,2,1,1,1,West Ferdows Boulevard
74.0,2,1,1,1,Mehran
97.0,2,1,1,1,Shahran
94.0,2,1,1,1,Niavaran
113.0,3,1,1,1,Ostad Moein
63.0,1,1,1,0,Feiz Garden
86.0,2,1,1,1,Southern Janatabad
83.0,2,1,1,1,Niavaran
105.0,2,1,1,1,Dorous
82.0,2,0,1,1,Parand
