MODELYEAR,MAKE,MODEL,VEHICLECLASS,ENGINESIZE,CYLINDERS,TRANSMISSION,FUELTYPE,FUELCONSUMPTION_CITY,FUELCONSUMPTION_HWY,FUELCONSUMPTION_COMB,FUELCONSUMPTION_COMB_MPG,CO2EMISSIONS,Predicted_Pollution
2014,ACURA,ILX,COMPACT,2.0,4,AS5,Z,9.9,6.7,8.5,33,196,199.32
2014,ACURA,ILX,COMPACT,2.4,4,M6,Z,11.2,7.7,9.6,29,221,214.27
2014,ACURA,ILX HYBRID,COMPACT,1.5,4,AV7,Z,6.0,5.8,5.9,48,136,168.96
2014,ACURA,MDX 4WD,SUV - SMALL,3.5,6,AS6,Z,12.7,9.1,11.1,25,255,255.2
2014,ACURA,RDX AWD,SUV - SMALL,3.5,6,AS6,Z,12.1,8.7,10.6,27,244,250.44
2014,ACURA,RLX,MID-SIZE,3.5,6,AS6,Z,11.9,7.7,10.0,28,230,244.72
2014,ACURA,TL,MID-SIZE,3.5,6,AS6,Z,11.8,8.1,10.1,28,232,245.68
2014,ACURA,TL AWD,MID-SIZE,3.7,6,AS6,Z,12.8,9.0,11.1,25,255,257.44
2014,ACURA,TL AWD,MID-SIZE,3.7,6,M6,Z,13.4,9.5,11.6,24,267,262.2
2014,ACURA,TSX,COMPACT,2.4,4,AS5,Z,10.6,7.5,9.2,31,212,210.46
2014,ACURA,TSX,COMPACT,2.4,4,M6,Z,11.2,8.1,9.8,29,225,216.18
2014,ACURA,TSX,COMPACT,3.5,6,AS5,Z,12.1,8.3,10.4,27,239,248.53
2014,ASTON MARTIN,DB9,MINICOMPACT,5.9,12,A6,Z,18.0,12.6,15.6,18,359,367.88
2014,ASTON MARTIN,RAPIDE,SUBCOMPACT,5.9,12,A6,Z,18.0,12.6,15.6,18,359,367.88
2014,ASTON MARTIN,V8 VANTAGE,TWO-SEATER,4.7,8,AM7,Z,17.4,11.3,14.7,19,338,317.23
2014,ASTON MARTIN,V8 VANTAGE,TWO-SEATER,4.7,8,M6,Z,18.1,12.2,15.4,18,354,323.9
2014,ASTON MARTIN,V8 VANTAGE S,TWO-SEATER,4.7,8,AM7,Z,17.4,11.3,14.7,19,338,317.23
2014,ASTON MARTIN,V8 VANTAGE S,TWO-SEATER,4.7,8,M6,Z,18.1,12.2,15.4,18,354,323.9
2014,ASTON MARTIN,VANQUISH,MINICOMPACT,5.9,12,A6,Z,18.0,12.6,15.6,18,359,367.88
2014,AUDI,A4,COMPACT,2.0,4,AV8,Z,9.9,7.4,8.8,32,202,202.17
2014,AUDI,A4 QUATTRO,COMPACT,2.0,4,AS8,Z,11.5,8.1,10.0,28,230,213.6
2014,AUDI,A4 QUATTRO,COMPACT,2.0,4,M6,Z,10.8,7.5,9.3,30,214,206.93
2014,AUDI,A5 CABRIOLET QUATTRO,SUBCOMPACT,2.0,4,AS8,Z,11.5,8.1,10.0,28,230,213.6
2014,AUDI,A5 QUATTRO,SUBCOMPACT,2.0,4,AS8,Z,11.5,8.1,10.0,28,230,213.6
2014,AUDI,A5 QUATTRO,SUBCOMPACT,2.0,4,M6,Z,10.8,7.5,9.3,30,214,206.93
2014,AUDI,A6 QUATTRO,MID-SIZE,2.0,4,AS8,Z,12.0,8.1,10.2,28,235,215.5
2014,AUDI,A6 QUATTRO,MID-SIZE,3.0,6,AS8,Z,12.8,8.6,10.9,26,251,247.69
2014,AUDI,A6 QUATTRO TDI CLEAN DIESEL,MID-SIZE,3.0,6,AS8,D,9.8,6.4,8.3,34,224,222.93
2014,AUDI,A7 QUATTRO,MID-SIZE,3.0,6,AS8,Z,13.1,8.8,11.2,25,258,250.54
2014,AUDI,A7 QUATTRO TDI CLEAN DIESEL,MID-SIZE,3.0,6,AS8,D,9.8,6.4,8.3,34,224,222.93
2014,AUDI,A8,MID-SIZE,3.0,6,AS8,Z,13.1,8.8,11.2,25,258,250.54
2014,AUDI,A8,MID-SIZE,4.0,8,AS8,Z,13.5,8.6,11.3,25,260,277.02
2014,AUDI,A8 TDI CLEAN DIESEL,MID-SIZE,3.0,6,AS8,D,10.0,6.4,8.4,34,227,223.89
2014,AUDI,A8L,FULL-SIZE,3.0,6,AS8,Z,13.1,8.8,11.2,25,258,250.54
2014,AUDI,A8L,FULL-SIZE,4.0,8,AS8,Z,14.7,9.7,12.5,23,288,288.44
2014,AUDI,A8L,FULL-SIZE,6.3,12,AS8,Z,18.2,12.6,15.7,18,361,373.31
2014,AUDI,A8L TDI CLEAN DIESEL,FULL-SIZE,3.0,6,AS8,D,10.1,6.5,8.5,33,230,224.84
2014,AUDI,ALLROAD QUATTRO,STATION WAGON - SMALL,2.0,4,AS8,Z,11.8,8.8,10.5,27,242,218.36
2014,AUDI,Q5,SUV - SMALL,2.0,4,AS8,Z,12.0,8.5,10.4,27,239,217.41
2014,AUDI,Q5,SUV - SMALL,3.0,6,AS8,Z,12.9,9.2,11.2,25,258,250.54
2014,AUDI,Q5 HYBRID,SUV - SMALL,2.0,4,AS8,Z,9.9,8.3,9.2,31,212,205.98
2014,AUDI,Q5 TDI CLEAN DIESEL,SUV - SMALL,3.0,6,AS8,D,10.3,7.6,9.1,31,246,230.55
2014,AUDI,Q7,SUV - STANDARD,3.0,6,AS8,Z,15.1,10.9,13.2,21,304,269.59
2014,AUDI,Q7 TDI CLEAN DIESEL,SUV - STANDARD,3.0,6,AS8,D,12.9,8.4,10.9,26,294,247.69
2014,AUDI,R8,TWO-SEATER,4.2,8,A7,Z,17.6,11.0,14.6,19,336,310.68
2014,AUDI,R8,TWO-SEATER,4.2,8,M6,Z,21.2,13.4,17.7,16,407,340.19
2014,AUDI,R8,TWO-SEATER,5.2,10,A7,Z,18.8,11.3,15.4,18,354,343.81
2014,AUDI,R8,TWO-SEATER,5.2,10,M6,Z,21.1,13.8,17.8,16,409,366.66
2014,AUDI,R8 SPYDER,TWO-SEATER,4.2,8,A7,Z,17.6,11.0,14.6,19,336,310.68
2014,AUDI,R8 SPYDER,TWO-SEATER,4.2,8,M6,Z,21.2,13.4,17.7,16,407,340.19
2014,AUDI,R8 SPYDER,TWO-SEATER,5.2,10,A7,Z,18.8,11.3,15.4,18,354,343.81
2014,AUDI,R8 SPYDER,TWO-SEATER,5.2,10,M6,Z,21.1,13.8,17.8,16,409,366.66
2014,AUDI,RS5,SUBCOMPACT,4.2,8,A7,Z,15.3,10.9,13.3,21,306,298.3
2014,AUDI,RS5 CABRIOLET,SUBCOMPACT,4.2,8,A7,Z,15.2,11.3,13.4,21,308,299.25
2014,AUDI,RS7,MID-SIZE,4.0,8,AS8,Z,15.3,9.3,12.6,22,290,289.39
2014,AUDI,S4,COMPACT,3.0,6,A7,Z,13.2,9.2,11.4,25,262,252.45
2014,AUDI,S4,COMPACT,3.0,6,M6,Z,14.6,9.8,12.4,23,285,261.97
2014,AUDI,S5,SUBCOMPACT,3.0,6,A7,Z,13.2,9.2,11.4,25,262,252.45
2014,AUDI,S5,SUBCOMPACT,3.0,6,M6,Z,14.6,9.8,12.4,23,285,261.97
2014,AUDI,S5 CABRIOLET,SUBCOMPACT,3.0,6,A7,Z,13.3,9.5,11.6,24,267,254.35
2014,AUDI,S6,MID-SIZE,4.0,8,A7,Z,14.2,9.7,12.2,23,281,285.58
2014,AUDI,S7,MID-SIZE,4.0,8,A7,Z,14.2,9.7,12.2,23,281,285.58
2014,AUDI,S8,MID-SIZE,4.0,8,AS8,Z,15.4,9.8,12.9,22,297,292.25
2014,AUDI,SQ5,SUV - SMALL,3.0,6,AS8,Z,14.9,10.1,12.7,22,292,264.82
2014,AUDI,TT COUPE QUATTRO,SUBCOMPACT,2.0,4,A6,Z,10.4,7.6,9.1,31,209,205.03
2014,AUDI,TT ROADSTER QUATTRO,TWO-SEATER,2.0,4,A6,Z,10.4,7.6,9.1,31,209,205.03
2014,AUDI,TTS COUPE QUATTRO,SUBCOMPACT,2.0,4,A6,Z,11.5,8.8,10.3,27,237,216.45
2014,AUDI,TTS ROADSTER QUATTRO,TWO-SEATER,2.0,4,A6,Z,11.5,8.8,10.3,27,237,216.45
2014,BENTLEY,CONTINENTAL GT,SUBCOMPACT,4.0,8,AS8,Z,15.4,9.8,12.9,22,297,292.25
2014,BENTLEY,CONTINENTAL GT,SUBCOMPACT,6.0,12,AS8,Z,18.8,11.5,15.5,18,356,368.04
2014,BENTLEY,CONTINENTAL GT CONVERTIBLE,SUBCOMPACT,4.0,8,AS8,Z,16.8,10.3,13.9,20,320,301.77
2014,BENTLEY,CONTINENTAL GT SPEED CONVERTIBLE,SUBCOMPACT,6.0,12,AS8,Z,20.0,12.2,16.5,17,380,377.57
2014,BENTLEY,CONTINENTAL GTC,SUBCOMPACT,4.0,8,AS8,Z,16.7,10.6,14.0,20,322,302.72
2014,BENTLEY,CONTINENTAL GTC,SUBCOMPACT,6.0,12,AS8,Z,20.0,12.2,16.5,17,380,377.57
2014,BENTLEY,FLYING SPUR,MID-SIZE,6.0,12,AS8,Z,20.0,12.2,16.5,17,380,377.57
2014,BENTLEY,MULSANNE,MID-SIZE,6.8,8,AS8,Z,22.3,14.9,19.0,15,437,381.71
2014,BMW,320i,COMPACT,2.0,4,A8,Z,10.0,6.5,8.4,34,193,198.36
2014,BMW,320i,COMPACT,2.0,4,M6,Z,10.4,6.7,8.7,32,200,201.22
2014,BMW,320i xDRIVE,COMPACT,2.0,4,A8,Z,10.2,7.0,8.8,32,202,202.17
2014,BMW,328d xDRIVE,COMPACT,2.0,4,A8,D,7.6,5.5,6.7,42,181,182.18
2014,BMW,328d xDRIVE TOURING,STATION WAGON - SMALL,2.0,4,A8,D,7.6,5.5,6.7,42,181,182.18
2014,BMW,328i,COMPACT,2.0,4,A8,Z,10.0,6.5,8.4,34,193,198.36
2014,BMW,328i,COMPACT,2.0,4,M6,Z,10.4,6.7,8.7,32,200,201.22
2014,BMW,328i xDRIVE,COMPACT,2.0,4,A8,Z,10.6,7.2,9.1,31,209,205.03
2014,BMW,328i xDRIVE GRAN TURISMO,FULL-SIZE,2.0,4,A8,Z,10.6,7.2,9.1,31,209,205.03
2014,BMW,328i xDRIVE TOURING,STATION WAGON - SMALL,2.0,4,A8,Z,10.6,7.2,9.1,31,209,205.03
2014,BMW,335i,COMPACT,3.0,6,A8,Z,11.4,7.3,9.6,29,221,235.31
2014,BMW,335i,COMPACT,3.0,6,M6,Z,11.8,7.9,10.0,28,230,239.12
2014,BMW,335i xDRIVE,COMPACT,3.0,6,A8,Z,11.7,7.8,9.9,29,228,238.17
2014,BMW,335i xDRIVE,COMPACT,3.0,6,M6,Z,11.9,8.3,10.3,27,237,241.97
2014,BMW,335i xDRIVE GRAN TURISMO,FULL-SIZE,3.0,6,A8,Z,11.9,8.0,10.1,28,232,240.07
2014,BMW,428i COUPE,COMPACT,2.0,4,A8,Z,10.0,6.5,8.4,34,193,198.36
2014,BMW,428i COUPE,COMPACT,2.0,4,M6,Z,10.4,6.7,8.7,32,200,201.22
2014,BMW,428i xDRIVE COUPE,COMPACT,2.0,4,A8,Z,10.6,7.2,9.1,31,209,205.03
2014,BMW,435i COUPE,COMPACT,3.0,6,A8,Z,11.4,7.3,9.6,29,221,235.31
2014,BMW,435i COUPE,COMPACT,3.0,6,M6,Z,11.8,7.9,10.0,28,230,239.12
2014,BMW,435i xDRIVE COUPE,COMPACT,3.0,6,A8,Z,11.7,7.8,9.9,29,228,238.17
2014,BMW,435i xDRIVE COUPE,COMPACT,3.0,6,M6,Z,11.9,8.3,10.3,27,237,241.97
2014,BMW,528i,MID-SIZE,2.0,4,A8,Z,10.2,7.0,8.8,32,202,202.17
2014,BMW,528i xDRIVE,MID-SIZE,2.0,4,A8,Z,10.6,7.2,9.1,31,209,205.03
2014,BMW,535d xDRIVE,MID-SIZE,3.0,6,A8,D,9.2,6.4,7.9,36,213,219.12
2014,BMW,535i xDRIVE,MID-SIZE,3.0,6,A8,Z,11.9,8.0,10.1,28,232,240.07
2014,BMW,535i xDRIVE GRAN TURISMO,FULL-SIZE,3.0,6,A8,Z,12.5,8.6,10.7,26,246,245.78
2014,BMW,550i xDRIVE,MID-SIZE,4.4,8,A8,Z,14.4,9.6,12.2,23,281,290.07
2014,BMW,550i xDRIVE GRAN TURISMO,FULL-SIZE,4.4,8,A8,Z,15.0,9.8,12.7,22,292,294.83
2014,BMW,640i xDRIVE GRAN COUPE,COMPACT,3.0,6,A8,Z,11.9,8.0,10.1,28,232,240.07
2014,BMW,650i xDRIVE CABRIOLET,SUBCOMPACT,4.4,8,A8,Z,15.0,9.8,12.7,22,292,294.83
2014,BMW,650i xDRIVE COUPE,COMPACT,4.4,8,A8,Z,14.4,9.6,12.2,23,281,290.07
2014,BMW,650i xDRIVE GRAN COUPE,COMPACT,4.4,8,A8,Z,15.0,9.8,12.7,22,292,294.83
2014,BMW,740Li xDRIVE,FULL-SIZE,3.0,6,A8,Z,12.5,8.6,10.7,26,246,245.78
2014,BMW,750i xDRIVE,FULL-SIZE,4.4,8,A8,Z,15.0,9.8,12.7,22,292,294.83
2014,BMW,750Li xDRIVE,FULL-SIZE,4.4,8,A8,Z,15.0,9.8,12.7,22,292,294.83
2014,BMW,760Li,FULL-SIZE,6.0,12,A8,Z,18.7,11.5,15.5,18,356,368.04
2014,BMW,ACTIVEHYBRID 3,COMPACT,3.0,6,A8,Z,9.2,7.1,8.3,34,191,222.93
2014,BMW,ACTIVEHYBRID 5,MID-SIZE,3.0,6,A8,Z,10.5,7.9,9.3,30,214,232.45
2014,BMW,ACTIVEHYBRID 7L,FULL-SIZE,3.0,6,A8,Z,10.5,7.6,9.2,31,212,231.5
2014,BMW,ALPINA B7 xDRIVE LWB,FULL-SIZE,4.4,8,A8,Z,15.0,9.8,12.7,22,292,294.83
2014,BMW,ALPINA B7 xDRIVE SWB,FULL-SIZE,4.4,8,A8,Z,15.0,9.8,12.7,22,292,294.83
2014,BMW,M5,MID-SIZE,4.4,8,AM7,Z,17.3,11.5,14.7,19,338,313.87
2014,BMW,M5,MID-SIZE,4.4,8,M6,Z,16.2,10.9,13.8,20,317,305.3
2014,BMW,M6,COMPACT,4.4,8,AM7,Z,17.3,11.5,14.7,19,338,313.87
2014,BMW,M6,COMPACT,4.4,8,M6,Z,16.2,10.9,13.8,20,317,305.3
2014,BMW,M6 CABRIOLET,SUBCOMPACT,4.4,8,AM7,Z,17.3,11.5,14.7,19,338,313.87
2014,BMW,M6 CABRIOLET,SUBCOMPACT,4.4,8,M6,Z,16.2,10.9,13.8,20,317,305.3
2014,BMW,M6 GRAN COUPE,COMPACT,4.4,8,AM7,Z,17.3,11.5,14.7,19,338,313.87
2014,BMW,M6 GRAN COUPE,COMPACT,4.4,8,M6,Z,16.2,10.9,13.8,20,317,305.3
2014,BMW,X1 xDRIVE28i,SUV - SMALL,2.0,4,A8,Z,10.6,7.2,9.1,31,209,205.03
2014,BMW,X1 xDRIVE35i,SUV - SMALL,3.0,6,A6,Z,13.2,8.9,11.3,25,260,251.5
2014,BMW,X3 xDRIVE28i,SUV - SMALL,2.0,4,A8,Z,11.2,8.5,10.0,28,230,213.6
2014,BMW,X3 xDRIVE35i,SUV - SMALL,3.0,6,A8,Z,12.6,9.1,11.0,26,253,248.64
2014,BMW,X5 xDRIVE35i,SUV - STANDARD,3.0,6,A8,Z,12.9,8.8,11.1,25,255,249.59
2014,BMW,X5 xDRIVE50i,SUV - STANDARD,4.4,8,A8,Z,16.3,10.9,13.9,20,320,306.25
2014,BMW,X6 M,SUV - STANDARD,4.4,8,A6,Z,18.1,13.7,16.1,18,370,327.2
2014,BMW,X6 xDRIVE35i,SUV - STANDARD,3.0,6,A8,Z,13.6,9.8,11.9,24,274,257.21
2014,BMW,X6 xDRIVE50i,SUV - STANDARD,4.4,8,A8,Z,16.4,11.3,14.1,20,324,308.16
2014,BMW,Z4 sDRIVE28i,TWO-SEATER,2.0,4,A8,Z,10.8,7.1,9.1,31,209,205.03
2014,BMW,Z4 sDRIVE28i,TWO-SEATER,2.0,4,M6,Z,10.4,6.7,8.7,32,200,201.22
2014,BMW,Z4 sDRIVE35i,TWO-SEATER,3.0,6,AM7,Z,13.7,10.1,12.1,23,278,259.11
2014,BMW,Z4 sDRIVE35i,TWO-SEATER,3.0,6,M6,Z,12.7,9.0,11.0,26,253,248.64
2014,BMW,Z4 sDRIVE35is,TWO-SEATER,3.0,6,AM7,Z,13.7,10.1,12.1,23,278,259.11
2014,BUICK,ENCLAVE,SUV - STANDARD,3.6,6,A6,X,14.3,9.9,12.3,23,283,267.74
2014,BUICK,ENCLAVE AWD,SUV - STANDARD,3.6,6,A6,X,14.6,10.2,12.6,22,290,270.6
2014,BUICK,ENCORE,SUV - SMALL,1.4,4,AS6,X,9.5,7.2,8.5,33,196,192.59
2014,BUICK,ENCORE AWD,SUV - SMALL,1.4,4,AS6,X,10.2,8.0,9.2,31,212,199.26
2014,BUICK,LACROSSE,MID-SIZE,3.6,6,AS6,X,13.7,8.7,11.5,25,264,260.13
2014,BUICK,LACROSSE,MID-SIZE,3.6,6,AS6,E,18.4,12.2,15.6,18,250,299.16
2014,BUICK,LACROSSE AWD,MID-SIZE,3.6,6,AS6,X,13.7,8.9,11.5,25,264,260.13
2014,BUICK,LACROSSE AWD,MID-SIZE,3.6,6,AS6,E,19.4,13.0,16.5,17,264,307.73
2014,BUICK,LACROSSE eASSIST,MID-SIZE,2.4,4,AS6,X,9.6,6.5,8.2,34,189,200.94
2014,BUICK,REGAL,MID-SIZE,2.0,4,AS6,Z,11.5,7.9,9.9,29,228,212.65
2014,BUICK,REGAL,MID-SIZE,2.0,4,M6,Z,11.6,7.5,9.8,29,225,211.69
2014,BUICK,REGAL AWD,MID-SIZE,2.0,4,AS6,Z,12.3,8.7,10.7,26,246,220.26
2014,BUICK,REGAL eASSIST,MID-SIZE,2.4,4,AS6,X,9.6,6.5,8.2,34,189,200.94
2014,BUICK,VERANO,COMPACT,2.0,4,AS6,Z,11.5,7.9,9.9,29,228,212.65
2014,BUICK,VERANO,COMPACT,2.0,4,M6,Z,11.6,7.5,9.8,29,225,211.69
2014,BUICK,VERANO,COMPACT,2.4,4,AS6,X,11.3,7.4,9.5,30,218,213.32
2014,CADILLAC,ATS,COMPACT,2.0,4,AS6,Z,11.3,7.5,9.6,29,221,209.79
2014,CADILLAC,ATS,COMPACT,2.0,4,M6,Z,12.1,7.9,10.2,28,235,215.5
2014,CADILLAC,ATS,COMPACT,2.5,4,AS6,X,10.5,7.2,9.0,31,207,209.68
2014,CADILLAC,ATS,COMPACT,3.6,6,AS6,X,12.8,8.5,10.9,26,251,254.41
2014,CADILLAC,ATS AWD,COMPACT,2.0,4,AS6,Z,11.8,8.1,10.1,28,232,214.55
2014,CADILLAC,ATS AWD,COMPACT,3.6,6,AS6,X,13.1,9.0,11.3,25,260,258.22
2014,CADILLAC,CTS COUPE,MID-SIZE,3.6,6,AS6,X,13.2,8.7,11.2,25,258,257.27
2014,CADILLAC,CTS COUPE AWD,MID-SIZE,3.6,6,AS6,X,13.3,9.0,11.4,25,262,259.17
2014,CADILLAC,CTS SEDAN,MID-SIZE,2.0,4,AS6,Z,11.9,7.9,10.1,28,232,214.55
2014,CADILLAC,CTS SEDAN,MID-SIZE,3.6,6,AS8,X,12.9,8.2,10.8,26,248,253.46
2014,CADILLAC,CTS SEDAN AWD,MID-SIZE,2.0,4,AS6,Z,12.6,8.5,10.8,26,248,221.21
2014,CADILLAC,CTS SEDAN AWD,MID-SIZE,3.6,6,AS6,X,13.1,9.0,11.3,25,260,258.22
2014,CADILLAC,CTS SEDAN Vsport,MID-SIZE,3.6,6,AS8,Z,15.1,9.9,12.8,22,294,272.5
2014,CADILLAC,CTS SPORT WAGON,STATION WAGON - SMALL,3.0,6,AS6,X,12.7,8.9,11.0,26,253,248.64
2014,CADILLAC,CTS SPORT WAGON,STATION WAGON - SMALL,3.6,6,AS6,X,13.3,8.9,11.3,25,260,258.22
2014,CADILLAC,CTS SPORT WAGON AWD,STATION WAGON - SMALL,3.0,6,AS6,X,12.8,9.1,11.1,25,255,249.59
2014,CADILLAC,CTS SPORT WAGON AWD,STATION WAGON - SMALL,3.6,6,AS6,X,13.3,9.0,11.4,25,262,259.17
2014,CADILLAC,CTS-V COUPE,MID-SIZE,6.2,8,AS6,Z,19.7,12.9,16.6,17,382,352.14
2014,CADILLAC,CTS-V COUPE,MID-SIZE,6.2,8,M6,Z,16.7,12.5,14.8,19,340,335.0
2014,CADILLAC,CTS-V SEDAN,MID-SIZE,6.2,8,AS6,Z,19.7,12.9,16.6,17,382,352.14
2014,CADILLAC,CTS-V SEDAN,MID-SIZE,6.2,8,M6,Z,16.7,12.5,14.8,19,340,335.0
2014,CADILLAC,CTS-V SPORT WAGON,STATION WAGON - SMALL,6.2,8,AS6,Z,19.7,12.9,16.6,17,382,352.14
2014,CADILLAC,CTS-V SPORT WAGON,STATION WAGON - SMALL,6.2,8,M6,Z,16.7,12.5,14.8,19,340,335.0
2014,CADILLAC,ESCALADE AWD,SUV - STANDARD,6.2,8,A6,Z,17.0,11.8,14.7,19,338,334.05
2014,CADILLAC,ESCALADE AWD,SUV - STANDARD,6.2,8,A6,E,23.3,16.1,20.1,14,322,385.46
2014,CADILLAC,ESCALADE ESV AWD,SUV - STANDARD,6.2,8,A6,Z,18.8,13.4,16.4,17,377,350.23
2014,CADILLAC,ESCALADE ESV AWD,SUV - STANDARD,6.2,8,A6,E,25.7,17.8,22.1,13,354,404.5
2014,CADILLAC,SRX,SUV - STANDARD,3.6,6,AS6,X,14.3,9.8,12.3,23,283,267.74
2014,CADILLAC,SRX AWD,SUV - STANDARD,3.6,6,AS6,X,14.8,10.4,12.8,22,294,272.5
2014,CADILLAC,XTS,FULL-SIZE,3.6,6,AS6,X,13.6,8.6,11.4,25,262,259.17
2014,CADILLAC,XTS AWD,FULL-SIZE,3.6,6,AS6,X,14.0,9.1,11.8,24,271,262.98
2014,CADILLAC,XTS Vsport AWD,FULL-SIZE,3.6,6,AS6,Z,14.8,9.8,12.6,22,290,270.6
2014,CHEVROLET,CAMARO,COMPACT,3.6,6,AS6,X,13.2,8.7,11.2,25,258,257.27
2014,CHEVROLET,CAMARO,COMPACT,3.6,6,M6,X,14.2,8.6,11.7,24,269,262.03
2014,CHEVROLET,CAMARO 2LS,COMPACT,3.6,6,AS6,X,12.7,7.9,10.5,27,242,250.6
2014,CHEVROLET,CAMARO SS,COMPACT,6.2,8,AS6,Z,15.3,9.8,12.8,22,294,315.96
2014,CHEVROLET,CAMARO SS,COMPACT,6.2,8,M6,Z,15.0,9.9,12.7,22,292,315.01
2014,CHEVROLET,CAMARO ZL1,COMPACT,6.2,8,AS6,Z,19.7,12.9,16.6,17,382,352.14
2014,CHEVROLET,CAMARO ZL1,COMPACT,6.2,8,M6,Z,16.7,12.5,14.8,19,340,335.0
2014,CHEVROLET,CORVETTE,TWO-SEATER,6.2,8,AS6,Z,14.9,8.5,12.0,24,276,308.34
2014,CHEVROLET,CORVETTE,TWO-SEATER,6.2,8,M7,Z,13.7,8.2,11.2,25,258,300.72
2014,CHEVROLET,CRUZE,MID-SIZE,1.4,4,AS6,X,9.1,6.3,7.8,36,179,185.93
2014,CHEVROLET,CRUZE,MID-SIZE,1.4,4,M6,X,9.1,6.3,7.8,36,179,185.93
2014,CHEVROLET,CRUZE,MID-SIZE,1.8,4,AS6,X,10.5,6.7,8.8,32,202,199.93
2014,CHEVROLET,CRUZE,MID-SIZE,1.8,4,M6,X,9.5,6.5,8.2,34,189,194.22
2014,CHEVROLET,CRUZE DIESEL,MID-SIZE,2.0,4,AS6,D,8.7,5.1,7.1,40,192,185.99
2014,CHEVROLET,CRUZE ECO,MID-SIZE,1.4,4,A6,X,9.1,6.0,7.7,37,177,184.97
2014,CHEVROLET,CRUZE ECO,MID-SIZE,1.4,4,M6,X,8.4,5.6,7.1,40,163,179.26
2014,CHEVROLET,EQUINOX,SUV - SMALL,2.4,4,A6,X,10.5,7.3,9.1,31,209,209.51
2014,CHEVROLET,EQUINOX,SUV - SMALL,3.6,6,A6,X,13.9,9.6,12.0,24,276,264.89
2014,CHEVROLET,EQUINOX,SUV - SMALL,3.6,6,A6,E,18.8,13.1,16.2,17,259,304.87
2014,CHEVROLET,EQUINOX AWD,SUV - SMALL,2.4,4,A6,X,11.5,8.2,10.0,28,230,218.08
2014,CHEVROLET,EQUINOX AWD,SUV - SMALL,3.6,6,A6,X,14.8,9.9,12.6,22,290,270.6
2014,CHEVROLET,EQUINOX AWD,SUV - SMALL,3.6,6,A6,E,19.8,13.6,17.0,17,272,312.49
2014,CHEVROLET,EXPRESS 1500 CARGO,VAN - CARGO,4.3,6,A4,X,17.1,12.7,15.1,19,347,302.25
2014,CHEVROLET,EXPRESS 1500 CARGO,VAN - CARGO,5.3,8,A4,X,18.0,13.4,15.9,18,366,335.38
2014,CHEVROLET,EXPRESS 1500 CARGO,VAN - CARGO,5.3,8,A4,E,23.5,17.7,20.9,14,334,382.99
2014,CHEVROLET,EXPRESS 1500 CARGO AWD,VAN - CARGO,5.3,8,A4,X,18.3,14.2,16.5,17,380,341.1
2014,CHEVROLET,EXPRESS 1500 CARGO AWD,VAN - CARGO,5.3,8,A4,E,23.7,18.8,21.5,13,344,388.7
2014,CHEVROLET,EXPRESS 1500 CARGO CONV,VAN - CARGO,5.3,8,A4,X,18.6,13.9,16.5,17,380,341.1
2014,CHEVROLET,EXPRESS 1500 CARGO CONV,VAN - CARGO,5.3,8,A4,E,23.9,18.5,21.5,13,344,388.7
2014,CHEVROLET,EXPRESS 1500 CARGO CONV AWD,VAN - CARGO,5.3,8,A4,X,18.3,14.2,16.5,17,380,341.1
2014,CHEVROLET,EXPRESS 1500 CARGO CONV AWD,VAN - CARGO,5.3,8,A4,E,25.3,19.3,22.6,12,362,399.17
2014,CHEVROLET,EXPRESS 1500 PASSENGER,VAN - PASSENGER,5.3,8,A4,X,18.6,13.9,16.5,17,380,341.1
2014,CHEVROLET,EXPRESS 1500 PASSENGER,VAN - PASSENGER,5.3,8,A4,E,23.9,18.5,21.5,13,344,388.7
2014,CHEVROLET,EXPRESS 1500 PASSENGER AWD,VAN - PASSENGER,5.3,8,A4,X,18.3,14.2,16.5,17,380,341.1
2014,CHEVROLET,EXPRESS 1500 PASSENGER AWD,VAN - PASSENGER,5.3,8,A4,E,25.3,19.3,22.6,12,362,399.17
2014,CHEVROLET,EXPRESS 2500 PASSENGER,VAN - PASSENGER,4.8,8,A6,X,21.1,14.2,18.0,16,414,349.77
2014,CHEVROLET,EXPRESS 2500 PASSENGER,VAN - PASSENGER,6.0,8,A6,X,21.9,15.0,18.8,15,432,370.84
2014,CHEVROLET,EXPRESS 2500 PASSENGER,VAN - PASSENGER,6.0,8,A6,E,30.0,20.4,25.7,11,411,436.53
2014,CHEVROLET,EXPRESS 3500 PASSENGER,VAN - PASSENGER,4.8,8,A6,X,21.3,14.3,18.2,16,419,351.68
2014,CHEVROLET,EXPRESS 3500 PASSENGER,VAN - PASSENGER,6.0,8,A6,X,22.1,15.0,18.9,15,435,371.79
2014,CHEVROLET,EXPRESS 3500 PASSENGER,VAN - PASSENGER,6.0,8,A6,E,30.2,20.5,25.8,11,413,437.49
2014,CHEVROLET,IMPALA,FULL-SIZE,2.5,4,AS6,X,11.3,7.5,9.6,29,221,215.39
2014,CHEVROLET,IMPALA,FULL-SIZE,3.6,6,AS6,X,12.6,8.2,10.6,27,244,251.56
2014,CHEVROLET,IMPALA,FULL-SIZE,3.6,6,AS6,E,16.7,11.3,14.3,20,229,286.78
2014,CHEVROLET,IMPALA ECO,FULL-SIZE,2.4,4,AS6,X,10.0,7.0,8.7,32,200,205.7
2014,CHEVROLET,MALIBU,MID-SIZE,2.0,4,AS6,Z,11.5,7.9,9.9,29,228,212.65
2014,CHEVROLET,MALIBU,MID-SIZE,2.5,4,AS6,X,9.3,6.4,8.0,35,184,200.16
2014,CHEVROLET,ORLANDO,SUV - SMALL,2.4,4,AS6,X,12.2,8.6,10.6,27,244,223.79
2014,CHEVROLET,ORLANDO,SUV - SMALL,2.4,4,M6,X,11.8,8.3,10.2,28,235,219.99
2014,CHEVROLET,SILVERADO,PICKUP TRUCK - STANDARD,4.3,6,A6,X,13.4,9.9,11.8,24,271,270.83
2014,CHEVROLET,SILVERADO,PICKUP TRUCK - STANDARD,4.3,6,A6,E,18.9,14.2,16.8,17,269,318.43
2014,CHEVROLET,SILVERADO,PICKUP TRUCK - STANDARD,5.3,8,A6,X,14.6,10.3,12.7,22,292,304.92
2014,CHEVROLET,SILVERADO,PICKUP TRUCK - STANDARD,5.3,8,A6,E,19.5,13.7,16.9,17,270,344.91
2014,CHEVROLET,SILVERADO,PICKUP TRUCK - STANDARD,6.2,8,A6,Z,16.3,11.4,14.1,20,324,328.34
2014,CHEVROLET,SILVERADO 4WD,PICKUP TRUCK - STANDARD,4.3,6,A6,X,14.2,10.6,12.6,22,290,278.44
2014,CHEVROLET,SILVERADO 4WD,PICKUP TRUCK - STANDARD,4.3,6,A6,E,20.0,15.1,17.8,16,285,327.95
2014,CHEVROLET,SILVERADO 4WD,PICKUP TRUCK - STANDARD,5.3,8,A6,X,14.9,10.6,13.0,22,299,307.77
2014,CHEVROLET,SILVERADO 4WD,PICKUP TRUCK - STANDARD,5.3,8,A6,E,19.9,14.2,17.3,16,277,348.71
2014,CHEVROLET,SILVERADO 4WD,PICKUP TRUCK - STANDARD,6.2,8,A6,Z,16.4,11.7,14.3,20,329,330.24
2014,CHEVROLET,SONIC,COMPACT,1.4,4,AS6,X,9.1,6.7,8.0,35,184,187.83
2014,CHEVROLET,SONIC,COMPACT,1.4,4,M6,X,8.5,6.2,7.5,38,173,183.07
2014,CHEVROLET,SONIC,COMPACT,1.8,4,AS6,X,9.6,6.6,8.3,34,191,195.17
2014,CHEVROLET,SONIC,COMPACT,1.8,4,M5,X,8.9,6.7,7.9,36,182,191.36
2014,CHEVROLET,SONIC 5,MID-SIZE,1.4,4,AS6,X,9.1,6.7,8.0,35,184,187.83
2014,CHEVROLET,SONIC 5,MID-SIZE,1.4,4,M6,X,8.5,6.2,7.5,38,172,183.07
2014,CHEVROLET,SONIC 5,MID-SIZE,1.8,4,AS6,X,9.6,6.6,8.3,34,191,195.17
2014,CHEVROLET,SONIC 5,MID-SIZE,1.8,4,M5,X,8.9,6.7,7.9,36,182,191.36
2014,CHEVROLET,SONIC 5 RS,MID-SIZE,1.4,4,AS6,X,9.4,7.0,8.3,34,191,190.69
2014,CHEVROLET,SONIC 5 RS,MID-SIZE,1.4,4,M6,X,8.7,7.0,7.9,36,182,186.88
2014,CHEVROLET,SONIC RS,COMPACT,1.4,4,AS6,X,9.4,7.0,8.3,34,191,190.69
2014,CHEVROLET,SONIC RS,COMPACT,1.4,4,M6,X,8.7,7.0,7.9,36,182,186.88
2014,CHEVROLET,SPARK,SUBCOMPACT,1.2,4,AV,X,7.7,6.0,6.9,41,159,175.12
2014,CHEVROLET,SPARK,SUBCOMPACT,1.2,4,M5,X,7.6,6.0,6.9,41,159,175.12
2014,CHEVROLET,SUBURBAN,SUV - STANDARD,5.3,8,A6,X,16.0,11.1,13.8,20,317,315.39
2014,CHEVROLET,SUBURBAN,SUV - STANDARD,5.3,8,A6,E,21.5,14.6,18.4,15,294,359.19
2014,CHEVROLET,SUBURBAN 4WD,SUV - STANDARD,5.3,8,A6,X,16.0,11.1,13.8,20,317,315.39
2014,CHEVROLET,SUBURBAN 4WD,SUV - STANDARD,5.3,8,A6,E,21.5,14.6,18.4,15,294,359.19
2014,CHEVROLET,TAHOE,SUV - STANDARD,5.3,8,A6,X,16.0,11.1,13.8,20,317,315.39
2014,CHEVROLET,TAHOE,SUV - STANDARD,5.3,8,A6,E,21.5,14.6,18.4,15,294,359.19
2014,CHEVROLET,TAHOE 4WD,SUV - STANDARD,5.3,8,A6,X,16.0,11.1,13.8,20,317,315.39
2014,CHEVROLET,TAHOE 4WD,SUV - STANDARD,5.3,8,A6,E,21.5,14.6,18.4,15,294,359.19
2014,CHEVROLET,TRAVERSE,SUV - STANDARD,3.6,6,A6,X,14.3,9.9,12.3,23,283,267.74
2014,CHEVROLET,TRAVERSE AWD,SUV - STANDARD,3.6,6,A6,X,14.6,10.2,12.6,22,290,270.6
2014,CHEVROLET,TRAX,SUV - SMALL,1.4,4,AS6,X,9.4,7.1,8.4,34,193,191.64
2014,CHEVROLET,TRAX,SUV - SMALL,1.4,4,M6,X,9.1,6.8,8.1,35,186,188.78
2014,CHEVROLET,TRAX AWD,SUV - SMALL,1.4,4,AS6,X,10.0,7.8,9.0,31,207,197.35
2014,CHRYSLER,300,FULL-SIZE,3.6,6,A8,X,12.4,7.7,10.3,27,237,248.7
2014,CHRYSLER,200 CONVERTIBLE,COMPACT,2.4,4,A4,X,11.7,8.2,10.1,28,232,219.03
2014,CHRYSLER,200 CONVERTIBLE,COMPACT,2.4,4,A6,X,12.9,8.1,10.7,26,246,224.75
2014,CHRYSLER,200 CONVERTIBLE FFV,COMPACT,3.6,6,A6,X,12.5,8.1,10.5,27,242,250.6
2014,CHRYSLER,200 CONVERTIBLE FFV,COMPACT,3.6,6,A6,E,17.0,11.2,14.4,20,230,287.74
2014,CHRYSLER,200 SEDAN,MID-SIZE,2.4,4,A4,X,11.2,8.0,9.8,29,225,216.18
2014,CHRYSLER,200 SEDAN,MID-SIZE,2.4,4,A6,X,12.0,7.6,10.0,28,230,218.08
2014,CHRYSLER,200 SEDAN FFV,MID-SIZE,3.6,6,A6,X,12.5,8.1,10.5,27,242,250.6
2014,CHRYSLER,200 SEDAN FFV,MID-SIZE,3.6,6,A6,E,17.0,11.2,14.4,20,230,287.74
2014,CHRYSLER,300 (MDS),FULL-SIZE,5.7,8,A5,X,15.8,9.2,12.8,22,294,310.35
2014,CHRYSLER,300 AWD,FULL-SIZE,3.6,6,A8,X,12.8,8.6,10.9,26,251,254.41
2014,CHRYSLER,300 AWD (MDS),FULL-SIZE,5.7,8,A5,X,16.1,10.0,13.4,21,308,316.07
2014,CHRYSLER,300 AWD FFV,FULL-SIZE,3.6,6,A8,X,12.8,8.6,10.9,26,251,254.41
2014,CHRYSLER,300 AWD FFV,FULL-SIZE,3.6,6,A8,E,17.3,11.7,14.8,19,237,291.54
2014,CHRYSLER,300 FFV,FULL-SIZE,3.6,6,A8,X,12.4,7.7,10.3,27,237,248.7
2014,CHRYSLER,300 FFV,FULL-SIZE,3.6,6,A8,E,16.8,10.3,13.9,20,222,282.98
2014,CHRYSLER,300 SRT (MDS),FULL-SIZE,6.4,8,A5,Z,16.7,10.3,13.8,20,317,327.72
2014,CHRYSLER,TOWN & COUNTRY FFV,MINIVAN,3.6,6,A6,X,14.1,9.5,12.0,24,276,264.89
2014,CHRYSLER,TOWN & COUNTRY FFV,MINIVAN,3.6,6,A6,E,19.7,13.3,16.8,17,269,310.59
2014,DODGE,AVENGER,MID-SIZE,2.4,4,A4,X,11.2,8.0,9.8,29,225,216.18
2014,DODGE,AVENGER,MID-SIZE,2.4,4,A6,X,12.0,7.6,10.0,28,230,218.08
2014,DODGE,AVENGER FFV,MID-SIZE,3.6,6,A6,X,12.5,8.1,10.5,27,242,250.6
2014,DODGE,AVENGER FFV,MID-SIZE,3.6,6,A6,E,17.0,11.2,14.4,20,230,287.74
2014,DODGE,CHALLENGER,MID-SIZE,3.6,6,A5,X,13.2,8.7,11.2,25,258,257.27
2014,DODGE,CHALLENGER,MID-SIZE,5.7,8,M6,X,15.6,10.0,13.1,22,301,313.21
2014,DODGE,CHALLENGER (MDS),MID-SIZE,5.7,8,A5,X,15.8,9.2,12.8,22,294,310.35
2014,DODGE,CHALLENGER SRT,MID-SIZE,6.4,8,M6,Z,16.8,10.4,13.9,20,320,328.67
2014,DODGE,CHALLENGER SRT (MDS),MID-SIZE,6.4,8,A5,Z,16.7,10.3,13.8,20,317,327.72
2014,DODGE,CHARGER,FULL-SIZE,3.6,6,A5,X,13.2,8.7,11.2,25,258,257.27
2014,DODGE,CHARGER,FULL-SIZE,3.6,6,A8,X,12.4,7.7,10.3,27,237,248.7
2014,DODGE,CHARGER (MDS),FULL-SIZE,5.7,8,A5,X,15.8,9.2,12.8,22,294,310.35
2014,DODGE,CHARGER AWD,FULL-SIZE,3.6,6,A8,X,12.8,8.6,10.9,26,251,254.41
2014,DODGE,CHARGER AWD (MDS),FULL-SIZE,5.7,8,A5,X,16.1,10.0,13.4,21,308,316.07
2014,DODGE,CHARGER AWD FFV,FULL-SIZE,3.6,6,A8,X,12.8,8.6,10.9,26,251,254.41
2014,DODGE,CHARGER AWD FFV,FULL-SIZE,3.6,6,A8,E,17.3,11.7,14.8,19,237,291.54
2014,DODGE,CHARGER FFV,FULL-SIZE,3.6,6,A5,X,13.2,8.7,11.2,25,258,257.27
2014,DODGE,CHARGER FFV,FULL-SIZE,3.6,6,A5,E,18.3,12.6,15.7,18,251,300.11
2014,DODGE,CHARGER FFV,FULL-SIZE,3.6,6,A8,X,12.3,7.6,10.2,28,235,247.75
2014,DODGE,CHARGER FFV,FULL-SIZE,3.6,6,A8,E,16.8,10.3,13.9,20,222,282.98
2014,DODGE,CHARGER SRT (MDS),FULL-SIZE,6.4,8,A5,Z,16.7,10.3,13.8,20,317,327.72
2014,DODGE,DART,MID-SIZE,2.0,4,M6,X,9.4,6.5,8.1,35,186,195.51
2014,DODGE,DART,MID-SIZE,2.4,4,A6,X,10.1,6.8,8.6,33,198,204.75
2014,DODGE,DART,MID-SIZE,2.4,4,M6,X,10.5,6.7,8.8,32,202,206.66
2014,DODGE,DART FFV,MID-SIZE,2.0,4,A6,X,9.9,7.0,8.6,33,198,200.27
2014,DODGE,DART FFV,MID-SIZE,2.0,4,A6,E,14.2,9.8,12.2,23,195,234.54
2014,DODGE,DART GT,MID-SIZE,2.4,4,A6,X,10.6,7.5,9.2,31,212,210.46
2014,DODGE,DART GT,MID-SIZE,2.4,4,M6,X,10.2,7.0,8.8,32,202,206.66
2014,DODGE,DART TURBO AERO,MID-SIZE,1.4,4,AM6,X,8.4,5.9,7.3,39,168,181.17
2014,DODGE,DART TURBO AERO,MID-SIZE,1.4,4,M6,X,8.5,5.8,7.3,39,168,181.17
2014,DODGE,DURANGO AWD (MDS),SUV - STANDARD,5.7,8,A8,X,17.3,10.8,14.4,20,331,325.59
2014,DODGE,DURANGO AWD FFV,SUV - STANDARD,3.6,6,A8,X,13.9,9.8,12.1,23,278,265.84
2014,DODGE,DURANGO AWD FFV,SUV - STANDARD,3.6,6,A8,E,17.7,13.0,15.6,18,250,299.16
2014,DODGE,GRAND CARAVAN FFV,MINIVAN,3.6,6,A6,X,13.7,9.4,11.8,24,271,262.98
2014,DODGE,GRAND CARAVAN FFV,MINIVAN,3.6,6,A6,E,19.2,13.1,16.5,17,264,307.73
2014,DODGE,JOURNEY,SUV - SMALL,2.4,4,A4,X,12.7,9.1,11.1,25,255,228.55
2014,DODGE,JOURNEY AWD,SUV - SMALL,3.6,6,A6,X,14.5,9.9,12.4,23,285,268.69
2014,DODGE,JOURNEY FFV,SUV - SMALL,3.6,6,A6,X,14.2,9.4,12.0,24,276,264.89
2014,DODGE,JOURNEY FFV,SUV - SMALL,3.6,6,A6,E,18.9,12.9,16.2,17,259,304.87
2014,FIAT,500 ABARTH CABRIO,MINICOMPACT,1.4,4,M5,X,8.5,6.9,7.8,36,179,185.93
2014,FIAT,500 ABARTH HATCHBACK,MINICOMPACT,1.4,4,M5,X,8.5,6.9,7.8,36,179,185.93
2014,FIAT,500 CABRIO,MINICOMPACT,1.4,4,A6,X,8.7,6.9,7.9,36,182,186.88
2014,FIAT,500 CABRIO,MINICOMPACT,1.4,4,M5,X,7.9,6.3,7.2,39,166,180.21
2014,FIAT,500 CABRIO TURBO,MINICOMPACT,1.4,4,M5,X,8.5,6.9,7.8,36,179,185.93
2014,FIAT,500 HATCHBACK,MINICOMPACT,1.4,4,A6,X,8.7,6.9,7.9,36,182,186.88
2014,FIAT,500 HATCHBACK,MINICOMPACT,1.4,4,M5,X,7.6,5.9,6.8,42,156,176.41
2014,FIAT,500 HATCHBACK TURBO,MINICOMPACT,1.4,4,M5,X,8.5,6.9,7.8,36,179,185.93
2014,FIAT,500L TURBO,STATION WAGON - SMALL,1.4,4,AM6,X,10.0,7.2,8.7,32,200,194.5
2014,FIAT,500L TURBO,STATION WAGON - SMALL,1.4,4,M6,X,9.3,7.2,8.4,34,193,191.64
2014,FORD,C-MAX HYBRID,FULL-SIZE,2.0,4,AV,X,5.6,6.4,6.0,47,138,175.51
2014,FORD,E150 VAN FFV,VAN - CARGO,4.6,8,A4,X,17.7,14.4,16.2,17,373,330.39
2014,FORD,E150 VAN FFV,VAN - CARGO,4.6,8,A4,E,24.1,19.2,21.9,13,350,384.66
2014,FORD,E150 VAN FFV,VAN - CARGO,5.4,8,A4,X,19.3,14.7,17.2,16,396,348.88
2014,FORD,E150 VAN FFV,VAN - CARGO,5.4,8,A4,E,24.9,19.6,22.5,13,360,399.34
2014,FORD,E150 WAGON FFV,VAN - PASSENGER,4.6,8,A4,X,18.6,14.6,16.8,17,386,336.11
2014,FORD,E150 WAGON FFV,VAN - PASSENGER,4.6,8,A4,E,25.5,20.0,23.0,12,368,395.14
2014,FORD,E350 WAGON,VAN - PASSENGER,6.8,10,A5,X,23.9,17.8,21.2,13,488,416.97
2014,FORD,E350 WAGON FFV,VAN - PASSENGER,5.4,8,A4,X,20.6,15.5,18.3,15,421,359.36
2014,FORD,E350 WAGON FFV,VAN - PASSENGER,5.4,8,A4,E,26.7,20.5,23.9,12,382,412.67
2014,FORD,EDGE,SUV - SMALL,2.0,4,A6,X,11.3,7.9,9.8,29,225,211.69
2014,FORD,EDGE,SUV - SMALL,3.5,6,AS6,X,12.6,8.7,10.8,26,248,252.34
2014,FORD,EDGE AWD,SUV - SMALL,3.5,6,AS6,X,13.3,9.3,11.5,25,264,259.0
2014,FORD,EDGE AWD,SUV - SMALL,3.7,6,AS6,X,13.7,10.4,12.2,23,281,267.91
2014,FORD,ESCAPE,SUV - SMALL,1.6,4,AS6,X,10.4,7.4,9.1,31,209,200.55
2014,FORD,ESCAPE,SUV - SMALL,2.0,4,AS6,X,10.9,8.0,9.6,29,221,209.79
2014,FORD,ESCAPE,SUV - SMALL,2.5,4,AS6,X,10.9,7.5,9.4,30,216,213.49
2014,FORD,ESCAPE AWD,SUV - SMALL,1.6,4,AS6,X,10.5,7.9,9.3,30,214,202.45
2014,FORD,ESCAPE AWD,SUV - SMALL,2.0,4,AS6,X,11.2,8.5,10.0,28,230,213.6
2014,FORD,EXPEDITION 4X4 FFV,SUV - STANDARD,5.4,8,A6,X,18.2,13.3,16.0,18,368,337.46
2014,FORD,EXPEDITION 4X4 FFV,SUV - STANDARD,5.4,8,A6,E,24.5,18.0,21.6,13,346,390.77
2014,FORD,EXPLORER,SUV - STANDARD,2.0,4,A6,X,11.8,8.3,10.2,28,235,215.5
2014,FORD,EXPLORER AWD,SUV - STANDARD,3.5,6,AS6,X,14.8,10.7,13.0,22,299,273.29
2014,FORD,EXPLORER FFV,SUV - STANDARD,3.5,6,AS6,X,13.7,9.7,11.9,24,274,262.81
2014,FORD,EXPLORER FFV,SUV - STANDARD,3.5,6,AS6,E,18.3,12.9,15.9,18,254,300.9
2014,FORD,EXPLORER FFV AWD,SUV - STANDARD,3.5,6,AS6,X,14.3,10.3,12.5,23,288,268.53
2014,FORD,EXPLORER FFV AWD,SUV - STANDARD,3.5,6,AS6,E,18.9,13.9,16.7,17,267,308.51
2014,FORD,F150,PICKUP TRUCK - STANDARD,3.5,6,A6,X,14.5,10.6,12.7,22,292,270.43
2014,FORD,F150,PICKUP TRUCK - STANDARD,3.5,6,AS6,X,14.6,10.6,12.8,22,294,271.38
2014,FORD,F150,PICKUP TRUCK - STANDARD,6.2,8,AS6,X,18.3,12.9,15.9,18,366,345.47
2014,FORD,F150 4X4,PICKUP TRUCK - STANDARD,3.5,6,A6,X,15.9,11.3,13.8,20,317,280.9
2014,FORD,F150 4X4,PICKUP TRUCK - STANDARD,3.5,6,AS6,X,15.4,11.0,13.4,21,308,277.09
2014,FORD,F150 4X4,PICKUP TRUCK - STANDARD,6.2,8,AS6,X,20.1,14.4,17.5,16,402,360.71
2014,FORD,F150 FFV,PICKUP TRUCK - STANDARD,3.7,6,A6,X,14.0,10.3,12.3,23,283,268.86
2014,FORD,F150 FFV,PICKUP TRUCK - STANDARD,3.7,6,A6,E,18.8,13.7,16.5,17,264,308.85
2014,FORD,F150 FFV,PICKUP TRUCK - STANDARD,3.7,6,AS6,X,14.0,10.3,12.3,23,283,268.86
2014,FORD,F150 FFV,PICKUP TRUCK - STANDARD,3.7,6,AS6,E,18.8,13.7,16.5,17,264,308.85
2014,FORD,F150 FFV,PICKUP TRUCK - STANDARD,5.0,8,A6,X,16.4,12.3,14.6,19,336,319.64
2014,FORD,F150 FFV,PICKUP TRUCK - STANDARD,5.0,8,A6,E,22.1,16.7,19.7,14,315,368.2
2014,FORD,F150 FFV,PICKUP TRUCK - STANDARD,5.0,8,AS6,X,16.4,12.3,14.6,19,336,319.64
2014,FORD,F150 FFV,PICKUP TRUCK - STANDARD,5.0,8,AS6,E,22.1,16.7,19.7,14,315,368.2
2014,FORD,F150 FFV 4X4,PICKUP TRUCK - STANDARD,3.7,6,A6,X,15.0,11.4,13.4,21,308,279.34
2014,FORD,F150 FFV 4X4,PICKUP TRUCK - STANDARD,3.7,6,A6,E,20.2,15.3,18.0,16,288,323.13
2014,FORD,F150 FFV 4X4,PICKUP TRUCK - STANDARD,3.7,6,AS6,X,15.0,11.4,13.4,21,308,279.34
2014,FORD,F150 FFV 4X4,PICKUP TRUCK - STANDARD,3.7,6,AS6,E,20.2,15.3,18.0,16,288,323.13
2014,FORD,F150 FFV 4X4,PICKUP TRUCK - STANDARD,5.0,8,A6,X,16.8,12.6,14.9,19,343,322.5
2014,FORD,F150 FFV 4X4,PICKUP TRUCK - STANDARD,5.0,8,A6,E,22.4,17.0,20.0,14,320,371.06
2014,FORD,F150 FFV 4X4,PICKUP TRUCK - STANDARD,5.0,8,AS6,X,16.7,12.5,14.8,19,340,321.55
2014,FORD,F150 FFV 4X4,PICKUP TRUCK - STANDARD,5.0,8,AS6,E,22.4,16.9,19.9,14,318,370.1
2014,FORD,F150 RAPTOR 4X4,PICKUP TRUCK - STANDARD,6.2,8,AS6,X,20.4,15.0,18.0,16,414,365.47
2014,FORD,FIESTA,SUBCOMPACT,1.6,4,AS6,X,8.5,6.5,7.6,37,175,186.26
2014,FORD,FIESTA,SUBCOMPACT,1.6,4,M5,X,8.6,6.4,7.6,37,175,186.26
2014,FORD,FIESTA SFE,SUBCOMPACT,1.0,4,M5,X,7.5,5.5,6.6,43,152,170.02
2014,FORD,FIESTA SFE,SUBCOMPACT,1.6,4,AS6,X,8.0,5.8,7.0,40,161,180.55
2014,FORD,FIESTA ST,COMPACT,1.6,4,M6,X,8.9,6.8,8.0,35,184,190.07
2014,FORD,FLEX,SUV - STANDARD,3.5,6,AS6,X,13.2,9.4,11.5,25,264,259.0
2014,FORD,FLEX AWD,SUV - STANDARD,3.5,6,AS6,X,13.7,10.2,12.1,23,278,264.72
2014,FORD,FLEX AWD (EcoBoost),SUV - STANDARD,3.5,6,AS6,X,14.8,10.4,12.8,22,294,271.38
2014,FORD,FOCUS,COMPACT,2.0,4,M6,X,10.2,7.4,8.9,32,205,203.12
2014,FORD,FOCUS FFV,COMPACT,2.0,4,A6,X,8.8,6.4,7.7,37,177,191.7
2014,FORD,FOCUS FFV,COMPACT,2.0,4,A6,E,11.7,8.5,10.3,27,165,216.45
2014,FORD,FOCUS FFV,COMPACT,2.0,4,AS6,X,8.9,6.4,7.8,36,179,192.65
2014,FORD,FOCUS FFV,COMPACT,2.0,4,AS6,E,11.7,8.5,10.3,27,165,216.45
2014,FORD,FOCUS FFV,COMPACT,2.0,4,M5,X,9.1,6.6,8.0,35,184,194.56
2014,FORD,FOCUS FFV,COMPACT,2.0,4,M5,E,11.9,8.9,10.6,27,170,219.31
2014,FORD,FOCUS SFE FFV,COMPACT,2.0,4,A6,X,8.4,5.8,7.2,39,166,186.94
2014,FORD,FOCUS SFE FFV,COMPACT,2.0,4,A6,E,11.6,8.3,10.1,28,162,214.55
2014,FORD,FUSION,MID-SIZE,1.5,4,AS6,X,10.1,6.6,8.5,33,196,193.71
2014,FORD,FUSION,MID-SIZE,1.6,4,M6,X,9.4,6.4,8.1,35,186,191.02
2014,FORD,FUSION,MID-SIZE,2.0,4,AS6,X,10.5,7.1,9.0,31,207,204.08
2014,FORD,FUSION,MID-SIZE,2.5,4,AS6,X,10.5,7.0,8.9,32,205,208.73
2014,FORD,FUSION (Start/Stop),MID-SIZE,1.5,4,AS6,X,9.5,6.3,8.1,35,186,189.9
2014,FORD,FUSION AWD,MID-SIZE,2.0,4,AS6,X,10.9,7.5,9.4,30,216,207.89
2014,FORD,FUSION HYBRID,MID-SIZE,2.0,4,AV,X,5.3,5.7,5.5,51,126,170.75
2014,FORD,MUSTANG,SUBCOMPACT,3.7,6,A6,X,12.1,7.8,10.2,28,235,248.87
2014,FORD,MUSTANG,SUBCOMPACT,3.7,6,M6,X,12.7,8.1,10.6,27,244,252.68
2014,FORD,MUSTANG,SUBCOMPACT,5.0,8,A6,X,13.3,9.3,11.5,25,264,290.13
2014,FORD,MUSTANG,SUBCOMPACT,5.0,8,M6,X,15.4,9.4,12.7,22,292,301.55
2014,FORD,MUSTANG,SUBCOMPACT,5.8,8,M6,Z,15.9,9.9,13.2,21,304,315.28
2014,FORD,MUSTANG CONVERTIBLE,SUBCOMPACT,3.7,6,A6,X,12.5,8.2,10.6,27,244,252.68
2014,FORD,TAURUS,FULL-SIZE,2.0,4,AS6,X,10.5,7.3,9.1,31,209,205.03
2014,FORD,TAURUS AWD,FULL-SIZE,3.5,6,AS6,X,13.7,9.4,11.8,24,271,261.86
2014,FORD,TAURUS FFV,FULL-SIZE,3.5,6,AS6,X,12.1,8.1,10.3,27,237,247.58
2014,FORD,TAURUS FFV,FULL-SIZE,3.5,6,AS6,E,17.0,11.1,14.3,20,229,285.66
2014,FORD,TAURUS FFV AWD,FULL-SIZE,3.5,6,AS6,X,13.0,9.1,11.2,25,258,256.15
2014,FORD,TAURUS FFV AWD,FULL-SIZE,3.5,6,AS6,E,18.4,12.5,15.7,18,251,298.99
2014,FORD,TRANSIT CONNECT,SPECIAL PURPOSE VEHICLE,1.6,4,AS6,X,10.8,8.0,9.5,30,218,204.35
2014,FORD,TRANSIT CONNECT,SPECIAL PURPOSE VEHICLE,2.5,4,AS6,X,11.3,8.2,9.9,29,228,218.25
2014,FORD,TRANSIT CONNECT TAXI,SPECIAL PURPOSE VEHICLE,1.6,4,AS6,X,11.5,8.3,10.1,28,232,210.07
2014,FORD,TRANSIT CONNECT WAGON,SPECIAL PURPOSE VEHICLE,2.5,4,AS6,X,11.9,8.5,10.4,27,239,223.01
2014,GMC,ACADIA,SUV - STANDARD,3.6,6,A6,X,14.3,9.9,12.3,23,283,267.74
2014,GMC,ACADIA AWD,SUV - STANDARD,3.6,6,A6,X,14.9,10.4,12.9,22,297,273.45
2014,GMC,SAVANA 1500 CARGO,VAN - CARGO,4.3,6,A4,X,17.1,12.7,15.1,19,347,302.25
2014,GMC,SAVANA 1500 CARGO,VAN - CARGO,5.3,8,A4,X,18.0,13.4,15.9,18,366,335.38
2014,GMC,SAVANA 1500 CARGO,VAN - CARGO,5.3,8,A4,E,23.5,17.7,20.9,14,334,382.99
2014,GMC,SAVANA 1500 CARGO AWD,VAN - CARGO,5.3,8,A4,X,18.3,14.2,16.5,17,380,341.1
2014,GMC,SAVANA 1500 CARGO AWD,VAN - CARGO,5.3,8,A4,E,23.7,18.8,21.5,13,344,388.7
2014,GMC,SAVANA 1500 CARGO CONV,VAN - CARGO,5.3,8,A4,X,18.6,13.9,16.5,17,380,341.1
2014,GMC,SAVANA 1500 CARGO CONV,VAN - CARGO,5.3,8,A4,E,23.9,18.5,21.5,13,344,388.7
2014,GMC,SAVANA 1500 CARGO CONV AWD,VAN - CARGO,5.3,8,A4,X,18.3,14.2,16.5,17,380,341.1
2014,GMC,SAVANA 1500 CARGO CONV AWD,VAN - CARGO,5.3,8,A4,E,25.3,19.3,22.6,12,362,399.17
2014,GMC,SAVANA 1500 PASSENGER,VAN - PASSENGER,5.3,8,A4,X,18.6,13.9,16.5,17,380,341.1
2014,GMC,SAVANA 1500 PASSENGER,VAN - PASSENGER,5.3,8,A4,E,23.9,18.5,21.5,13,344,388.7
2014,GMC,SAVANA 1500 PASSENGER AWD,VAN - PASSENGER,5.3,8,A4,X,18.3,14.2,16.5,17,380,341.1
2014,GMC,SAVANA 1500 PASSENGER AWD,VAN - PASSENGER,5.3,8,A4,E,25.3,19.3,22.6,12,362,399.17
2014,GMC,SAVANA 2500 PASSENGER,VAN - PASSENGER,4.8,8,A6,X,21.1,14.2,18.0,16,414,349.77
2014,GMC,SAVANA 2500 PASSENGER,VAN - PASSENGER,6.0,8,A6,X,21.9,15.0,18.8,15,432,370.84
2014,GMC,SAVANA 2500 PASSENGER,VAN - PASSENGER,6.0,8,A6,E,30.0,20.4,25.7,11,411,436.53
2014,GMC,SAVANA 3500 PASSENGER,VAN - PASSENGER,4.8,8,A6,X,21.3,14.3,18.2,16,419,351.68
2014,GMC,SAVANA 3500 PASSENGER,VAN - PASSENGER,6.0,8,A6,X,22.1,15.0,18.9,15,435,371.79
2014,GMC,SAVANA 3500 PASSENGER,VAN - PASSENGER,6.0,8,A6,E,30.2,20.5,25.8,11,413,437.49
2014,GMC,SIERRA,PICKUP TRUCK - STANDARD,4.3,6,A6,X,13.4,9.9,11.8,24,271,270.83
2014,GMC,SIERRA,PICKUP TRUCK - STANDARD,4.3,6,A6,E,18.9,14.2,16.8,17,269,318.43
2014,GMC,SIERRA,PICKUP TRUCK - STANDARD,5.3,8,A6,X,14.6,10.3,12.7,22,292,304.92
2014,GMC,SIERRA,PICKUP TRUCK - STANDARD,5.3,8,A6,E,19.5,13.7,16.9,17,270,344.91
2014,GMC,SIERRA,PICKUP TRUCK - STANDARD,6.2,8,A6,Z,16.3,11.4,14.1,20,324,328.34
2014,GMC,SIERRA 4WD,PICKUP TRUCK - STANDARD,4.3,6,A6,X,14.2,10.6,12.6,22,290,278.44
2014,GMC,SIERRA 4WD,PICKUP TRUCK - STANDARD,4.3,6,A6,E,20.0,15.1,17.8,16,285,327.95
2014,GMC,SIERRA 4WD,PICKUP TRUCK - STANDARD,5.3,8,A6,X,14.9,10.6,13.0,22,299,307.77
2014,GMC,SIERRA 4WD,PICKUP TRUCK - STANDARD,5.3,8,A6,E,19.9,14.2,17.3,16,277,348.71
2014,GMC,SIERRA 4WD,PICKUP TRUCK - STANDARD,6.2,8,A6,Z,16.4,11.7,14.3,20,329,330.24
2014,GMC,TERRAIN,SUV - SMALL,2.4,4,A6,X,10.5,7.3,9.1,31,209,209.51
2014,GMC,TERRAIN,SUV - SMALL,3.6,6,A6,X,13.9,9.6,12.0,24,276,264.89
2014,GMC,TERRAIN,SUV - SMALL,3.6,6,A6,E,18.8,13.1,16.2,17,259,304.87
2014,GMC,TERRAIN AWD,SUV - SMALL,2.4,4,A6,X,11.5,8.2,10.0,28,230,218.08
2014,GMC,TERRAIN AWD,SUV - SMALL,3.6,6,A6,X,14.8,9.9,12.6,22,290,270.6
2014,GMC,TERRAIN AWD,SUV - SMALL,3.6,6,A6,E,19.8,13.6,17.0,17,272,312.49
2014,GMC,YUKON,SUV - STANDARD,5.3,8,A6,X,16.0,11.1,13.8,20,317,315.39
2014,GMC,YUKON,SUV - STANDARD,5.3,8,A6,E,21.5,14.6,18.4,15,294,359.19
2014,GMC,YUKON 4WD,SUV - STANDARD,5.3,8,A6,X,16.0,11.1,13.8,20,317,315.39
2014,GMC,YUKON 4WD,SUV - STANDARD,5.3,8,A6,E,21.5,14.6,18.4,15,294,359.19
2014,GMC,YUKON DENALI AWD,SUV - STANDARD,6.2,8,A6,Z,17.0,11.8,14.7,19,338,334.05
2014,GMC,YUKON DENALI AWD,SUV - STANDARD,6.2,8,A6,E,23.3,16.1,20.1,14,322,385.46
2014,GMC,YUKON DENALI XL AWD,SUV - STANDARD,6.2,8,A6,Z,18.8,13.4,16.4,17,377,350.23
2014,GMC,YUKON DENALI XL AWD,SUV - STANDARD,6.2,8,A6,E,25.7,17.8,22.1,13,354,404.5
2014,GMC,YUKON XL,SUV - STANDARD,5.3,8,A6,X,16.0,11.1,13.8,20,317,315.39
2014,GMC,YUKON XL,SUV - STANDARD,5.3,8,A6,E,21.5,14.6,18.4,15,294,359.19
2014,GMC,YUKON XL 4WD,SUV - STANDARD,5.3,8,A6,X,16.0,11.1,13.8,20,317,315.39
2014,GMC,YUKON XL 4WD,SUV - STANDARD,5.3,8,A6,E,21.5,14.6,18.4,15,294,359.19
2014,HONDA,ACCORD,MID-SIZE,2.4,4,AV,X,9.0,6.6,7.9,36,182,198.09
2014,HONDA,ACCORD,MID-SIZE,2.4,4,AV7,X,9.1,6.9,8.1,35,186,199.99
2014,HONDA,ACCORD,MID-SIZE,2.4,4,M6,X,10.1,6.9,8.7,32,200,205.7
2014,HONDA,ACCORD,MID-SIZE,3.5,6,A6,X,11.0,6.8,9.1,31,209,236.15
2014,HONDA,ACCORD,MID-SIZE,3.5,6,AS6,X,11.4,7.3,9.6,29,221,240.91
2014,HONDA,ACCORD,MID-SIZE,3.5,6,M6,X,13.0,8.4,10.9,26,251,253.29
2014,HONDA,ACCORD HYBRID,MID-SIZE,2.0,4,AV,X,4.7,4.9,4.8,59,110,164.09
2014,HONDA,CIVIC,COMPACT,1.8,4,AV,X,7.9,6.0,7.0,40,161,182.79
2014,HONDA,CIVIC,COMPACT,1.8,4,AV7,X,8.1,6.2,7.2,39,166,184.7
2014,HONDA,CIVIC,COMPACT,1.8,4,M5,X,8.5,6.6,7.6,37,175,188.51
2014,HONDA,CROSSTOUR AWD,SUV - SMALL,3.5,6,A6,X,12.5,8.5,10.7,26,246,251.39
2014,HONDA,CR-V,SUV - SMALL,2.4,4,A5,X,10.3,7.6,9.1,31,209,209.51
2014,HONDA,CR-V AWD,SUV - SMALL,2.4,4,A5,X,10.6,7.9,9.4,30,216,212.37
2014,HONDA,CR-Z,TWO-SEATER,1.5,4,AV7,X,6.6,6.0,6.3,45,145,172.77
2014,HONDA,CR-Z,TWO-SEATER,1.5,4,M6,X,7.6,6.1,6.9,41,159,178.48
2014,HONDA,FIT,STATION WAGON - SMALL,1.5,4,A5,X,8.3,6.5,7.5,38,172,184.19
2014,HONDA,FIT,STATION WAGON - SMALL,1.5,4,M5,X,8.3,6.9,7.7,37,177,186.1
2014,HONDA,ODYSSEY,MINIVAN,3.5,6,A6,X,12.3,8.5,10.6,27,244,250.44
2014,HONDA,PILOT,SUV - SMALL,3.5,6,A5,X,13.3,9.3,11.5,25,265,259.0
2014,HONDA,PILOT AWD,SUV - SMALL,3.5,6,A5,X,13.9,9.7,12.0,24,276,263.76
2014,HONDA,RIDGELINE AWD,PICKUP TRUCK - STANDARD,3.5,6,A5,X,15.2,11.3,13.4,21,308,277.09
2014,HYUNDAI,ACCENT,COMPACT,1.6,4,A6,X,8.8,6.3,7.7,37,177,187.22
2014,HYUNDAI,ACCENT,COMPACT,1.6,4,M6,X,8.7,6.4,7.7,37,177,187.22
2014,HYUNDAI,ELANTRA GT,MID-SIZE,2.0,4,A6,X,9.8,7.2,8.6,33,198,200.27
2014,HYUNDAI,ELANTRA GT,MID-SIZE,2.0,4,M6,X,9.8,7.0,8.5,33,196,199.32
2014,HYUNDAI,EQUUS,FULL-SIZE,5.0,8,A8,Z,15.7,10.2,13.2,21,304,306.32
2014,HYUNDAI,GENESIS,FULL-SIZE,3.8,6,A8,X,13.0,8.7,11.1,25,255,258.56
2014,HYUNDAI,SANTA FE,SUV - SMALL,3.3,6,A6,X,13.0,9.1,11.2,25,258,253.91
2014,HYUNDAI,SANTA FE 4WD,SUV - SMALL,3.3,6,A6,X,13.3,9.5,11.6,24,267,257.71
2014,HYUNDAI,SANTA FE SPORT,SUV - SMALL,2.4,4,A6,X,11.6,8.7,10.3,27,237,220.94
2014,HYUNDAI,SANTA FE SPORT 4WD,SUV - SMALL,2.0,4,A6,X,12.9,9.7,11.5,25,264,227.88
2014,HYUNDAI,SANTA FE SPORT 4WD,SUV - SMALL,2.4,4,A6,X,12.5,9.4,11.1,25,255,228.55
2014,HYUNDAI,SONATA,FULL-SIZE,2.0,4,A6,X,11.4,7.5,9.6,29,221,209.79
2014,HYUNDAI,SONATA,FULL-SIZE,2.4,4,A6,X,9.8,7.0,8.5,33,196,203.8
2014,HYUNDAI,SONATA HYBRID,MID-SIZE,2.4,4,AS6,X,6.5,5.9,6.2,46,143,181.9
2014,HYUNDAI,SONATA HYBRID LIMITED,MID-SIZE,2.4,4,AS6,X,6.6,5.9,6.3,45,145,182.85
2014,HYUNDAI,TUCSON,SUV - SMALL,2.0,4,A6,X,10.2,8.2,9.3,30,214,206.93
2014,HYUNDAI,TUCSON,SUV - SMALL,2.0,4,M6,X,11.4,8.6,10.1,28,232,214.55
2014,HYUNDAI,TUCSON,SUV - SMALL,2.4,4,A6,X,11.3,8.3,10.0,28,230,218.08
2014,HYUNDAI,TUCSON 4WD,SUV - SMALL,2.0,4,A6,X,11.4,9.3,10.5,27,242,218.36
2014,HYUNDAI,TUCSON 4WD,SUV - SMALL,2.4,4,A6,X,11.6,9.3,10.6,27,244,223.79
2014,HYUNDAI,VELOSTER,COMPACT,1.6,4,AM6,X,8.6,6.6,7.7,37,177,187.22
2014,HYUNDAI,VELOSTER,COMPACT,1.6,4,M6,X,9.1,6.7,8.0,35,184,190.07
2014,HYUNDAI,VELOSTER TURBO,COMPACT,1.6,4,A6,X,9.9,7.5,8.8,32,202,197.69
2014,HYUNDAI,VELOSTER TURBO,COMPACT,1.6,4,M6,X,9.7,7.1,8.5,33,196,194.83
2014,INFINITI,Q50,MID-SIZE,3.7,6,AS7,Z,12.0,8.0,10.2,28,235,248.87
2014,INFINITI,Q50 AWD,MID-SIZE,3.7,6,AS7,Z,12.6,8.7,10.8,26,248,254.58
2014,INFINITI,Q50 HYBRID,COMPACT,3.5,6,AS7,Z,8.2,6.7,7.5,38,172,220.92
2014,INFINITI,Q50 HYBRID AWD,COMPACT,3.5,6,AS7,Z,8.7,7.5,8.2,34,189,227.59
2014,INFINITI,Q60 AWD COUPE,SUBCOMPACT,3.7,6,AS7,Z,13.3,9.4,11.5,25,265,261.25
2014,INFINITI,Q60 CONVERTIBLE,SUBCOMPACT,3.7,6,AS7,Z,13.6,9.3,11.7,24,269,263.15
2014,INFINITI,Q60 CONVERTIBLE,SUBCOMPACT,3.7,6,M6,Z,14.3,9.8,12.3,23,283,268.86
2014,INFINITI,Q60 COUPE,SUBCOMPACT,3.7,6,AS7,Z,12.9,8.9,11.1,25,255,257.44
2014,INFINITI,Q60 COUPE,SUBCOMPACT,3.7,6,M6,Z,13.5,9.3,11.6,24,267,262.2
2014,INFINITI,Q70,MID-SIZE,3.7,6,AS7,Z,12.8,8.9,11.0,26,253,256.49
2014,INFINITI,Q70,MID-SIZE,5.6,8,AS7,Z,14.5,9.5,12.3,23,283,304.47
2014,INFINITI,Q70 AWD,MID-SIZE,3.7,6,AS7,Z,13.2,9.6,11.6,24,267,262.2
2014,INFINITI,Q70 AWD,MID-SIZE,5.6,8,AS7,Z,15.0,10.2,12.8,22,294,309.23
2014,INFINITI,Q70 HYBRID,MID-SIZE,3.5,6,AS7,Z,8.0,7.0,7.6,37,175,221.87
2014,INFINITI,QX50 AWD,STATION WAGON - SMALL,3.7,6,AS7,Z,13.6,9.6,11.8,24,271,264.1
2014,INFINITI,QX60,SUV - SMALL,3.5,6,AV,Z,11.9,9.0,10.6,27,244,250.44
2014,INFINITI,QX60 AWD,SUV - SMALL,3.5,6,AV,Z,12.3,9.3,11.0,26,253,254.24
2014,INFINITI,QX60 HYBRID AWD,SUV - STANDARD,2.5,4,AV,X,8.8,8.2,8.5,33,196,204.92
2014,INFINITI,QX70 AWD,SUV - SMALL,3.7,6,AS7,Z,14.5,10.7,12.8,22,294,273.62
2014,INFINITI,QX70 AWD,SUV - SMALL,5.0,8,AS7,Z,16.6,11.9,14.5,19,334,318.69
2014,INFINITI,QX80 4WD,SUV - STANDARD,5.6,8,AS7,Z,17.4,12.1,15.0,19,345,330.18
2014,JAGUAR,F-TYPE CONVERTIBLE,TWO-SEATER,3.0,6,AS8,Z,11.8,8.4,10.3,27,237,241.97
2014,JAGUAR,F-TYPE S CONVERTIBLE,TWO-SEATER,3.0,6,AS8,Z,12.2,8.7,10.6,27,244,244.83
2014,JAGUAR,F-TYPE V8 S CONVERTIBLE,TWO-SEATER,5.0,8,AS8,Z,15.0,10.2,12.8,22,294,302.51
2014,JAGUAR,XF,MID-SIZE,2.0,4,AS8,Z,12.3,8.2,10.5,27,242,218.36
2014,JAGUAR,XF 3.0L AWD,MID-SIZE,3.0,6,AS8,Z,14.7,9.1,12.2,23,281,260.06
2014,JAGUAR,XFR,MID-SIZE,5.0,8,AS8,Z,15.7,10.3,13.3,21,306,307.27
2014,JAGUAR,XFR,MID-SIZE,5.0,8,AS8,E,21.3,14.1,18.1,16,290,352.97
2014,JAGUAR,XFR-S,MID-SIZE,5.0,8,AS8,Z,15.7,10.3,13.3,21,306,307.27
2014,JAGUAR,XJ AWD,FULL-SIZE,3.0,6,AS8,Z,14.6,9.6,12.4,23,285,261.97
2014,JAGUAR,XJ SUPERCHARGED,FULL-SIZE,5.0,8,AS8,Z,15.8,10.2,13.3,21,306,307.27
2014,JAGUAR,XJ SUPERCHARGED,FULL-SIZE,5.0,8,AS8,E,20.6,13.6,17.5,16,280,347.25
2014,JAGUAR,XJL AWD PORTFOLIO,FULL-SIZE,3.0,6,AS8,Z,14.7,9.6,12.4,23,285,261.97
2014,JAGUAR,XJL SUPERCHARGED,FULL-SIZE,5.0,8,AS8,Z,15.8,10.2,13.3,21,306,307.27
2014,JAGUAR,XJL SUPERCHARGED,FULL-SIZE,5.0,8,AS8,E,20.6,13.6,17.5,16,280,347.25
2014,JAGUAR,XJR,FULL-SIZE,5.0,8,AS8,Z,15.8,10.2,13.3,21,306,307.27
2014,JAGUAR,XJR LWB,FULL-SIZE,5.0,8,AS8,Z,15.8,10.2,13.3,21,306,307.27
2014,JAGUAR,XK CONVERTIBLE,MINICOMPACT,5.0,8,AS6,Z,15.1,10.6,13.1,22,301,305.36
2014,JAGUAR,XK COUPE,MINICOMPACT,5.0,8,AS6,Z,14.8,9.9,12.6,22,290,300.6
2014,JAGUAR,XKR CONVERTIBLE,MINICOMPACT,5.0,8,AS6,Z,15.9,10.9,13.7,21,315,311.08
2014,JAGUAR,XKR COUPE,MINICOMPACT,5.0,8,AS6,Z,15.6,10.9,13.5,21,310,309.17
2014,JAGUAR,XKR-S CONVERTIBLE,MINICOMPACT,5.0,8,AS6,Z,15.9,10.9,13.7,21,315,311.08
2014,JAGUAR,XKR-S COUPE,MINICOMPACT,5.0,8,AS6,Z,15.6,10.9,13.5,21,310,309.17
2014,JEEP,CHEROKEE,SUV - SMALL,2.4,4,A9,X,10.9,7.7,9.5,30,218,213.32
2014,JEEP,CHEROKEE,SUV - SMALL,3.2,6,A9,X,12.3,8.3,10.5,27,242,246.12
2014,JEEP,CHEROKEE 4X4,SUV - SMALL,2.4,4,A9,X,11.3,8.3,10.0,28,230,218.08
2014,JEEP,CHEROKEE 4X4,SUV - SMALL,3.2,6,A9,X,12.5,8.8,10.8,26,248,248.98
2014,JEEP,CHEROKEE 4X4 Active Drive II,SUV - SMALL,2.4,4,A9,X,11.4,8.6,10.1,28,232,219.03
2014,JEEP,CHEROKEE 4X4 Active Drive II,SUV - SMALL,3.2,6,A9,X,12.5,9.1,11.0,26,253,250.88
2014,JEEP,CHEROKEE TRAILHAWK 4X4,SUV - SMALL,2.4,4,A9,X,12.1,9.4,10.9,26,251,226.65
2014,JEEP,CHEROKEE TRAILHAWK 4X4,SUV - SMALL,3.2,6,A9,X,13.4,9.5,11.6,24,267,256.59
2014,JEEP,COMPASS,SUV - SMALL,2.0,4,A6,X,11.1,8.3,9.8,29,225,211.69
2014,JEEP,COMPASS,SUV - SMALL,2.0,4,M5,X,10.2,7.8,9.1,31,209,205.03
2014,JEEP,COMPASS,SUV - SMALL,2.4,4,A6,X,11.1,8.3,9.8,29,225,216.18
2014,JEEP,COMPASS,SUV - SMALL,2.4,4,M5,X,10.3,8.3,9.4,30,216,212.37
2014,JEEP,COMPASS 4X4,SUV - SMALL,2.4,4,A6,X,11.4,8.7,10.2,28,235,219.99
2014,JEEP,COMPASS 4X4,SUV - SMALL,2.4,4,M5,X,10.3,8.4,9.4,30,216,212.37
2014,JEEP,COMPASS 4X4 TRAIL RATED,SUV - SMALL,2.4,4,AV,X,11.7,10.3,11.1,25,255,228.55
2014,JEEP,GRAND CHEROKEE 4X4 (MDS),SUV - STANDARD,5.7,8,A8,X,17.3,11.7,14.8,19,340,329.4
2014,JEEP,GRAND CHEROKEE 4X4 DIESEL,SUV - STANDARD,3.0,6,A8,D,11.2,8.4,9.9,29,267,238.17
2014,JEEP,GRAND CHEROKEE 4X4 FFV,SUV - STANDARD,3.6,6,A8,X,13.9,9.8,12.1,23,278,265.84
2014,JEEP,GRAND CHEROKEE 4X4 FFV,SUV - STANDARD,3.6,6,A8,E,17.7,13.0,15.6,18,250,299.16
2014,JEEP,GRAND CHEROKEE 4X4 SRT (MDS),SUV - STANDARD,6.4,8,A8,Z,18.5,12.6,15.8,18,363,346.76
2014,JEEP,PATRIOT,SUV - SMALL,2.0,4,A6,X,11.1,8.3,9.8,29,225,211.69
2014,JEEP,PATRIOT,SUV - SMALL,2.0,4,M5,X,10.2,7.8,9.1,31,209,205.03
2014,JEEP,PATRIOT,SUV - SMALL,2.4,4,A6,X,11.1,8.3,9.8,29,225,216.18
2014,JEEP,PATRIOT,SUV - SMALL,2.4,4,M5,X,10.3,8.3,9.4,30,216,212.37
2014,JEEP,PATRIOT 4X4,SUV - SMALL,2.4,4,A6,X,11.4,8.7,10.2,28,235,219.99
2014,JEEP,PATRIOT 4X4,SUV - SMALL,2.4,4,M5,X,10.3,8.4,9.4,30,216,212.37
2014,JEEP,PATRIOT 4X4 TRAIL RATED,SUV - SMALL,2.4,4,AV,X,11.7,10.3,11.1,25,255,228.55
2014,JEEP,WRANGLER 4X4 (2-DOOR),SUV - SMALL,3.6,6,A5,X,14.1,11.1,12.8,22,294,272.5
2014,JEEP,WRANGLER 4X4 (2-DOOR),SUV - SMALL,3.6,6,M6,X,14.2,11.0,12.8,22,294,272.5
2014,JEEP,WRANGLER UNLIMITED 4X4 (4-DOOR),SUV - SMALL,3.6,6,A5,X,14.8,11.7,13.4,21,308,278.21
2014,JEEP,WRANGLER UNLIMITED 4X4 (4-DOOR),SUV - SMALL,3.6,6,M6,X,15.0,11.4,13.4,21,308,278.21
2014,KIA,CADENZA,FULL-SIZE,3.3,6,A6,X,12.7,8.8,10.9,26,251,251.05
2014,KIA,FORTE,MID-SIZE,1.8,4,A6,X,9.6,6.6,8.3,34,191,195.17
2014,KIA,FORTE,MID-SIZE,1.8,4,M6,X,9.3,6.4,8.0,35,184,192.31
2014,KIA,FORTE,MID-SIZE,2.0,4,A6,X,9.8,6.6,8.4,34,193,198.36
2014,KIA,FORTE,MID-SIZE,2.0,4,M6,X,9.7,6.8,8.4,34,193,198.36
2014,KIA,FORTE 5,FULL-SIZE,1.6,4,A6,X,11.1,8.0,9.7,29,223,206.26
2014,KIA,FORTE 5,FULL-SIZE,1.6,4,M6,X,11.1,8.2,9.8,29,225,207.21
2014,KIA,FORTE 5,FULL-SIZE,2.0,4,A6,X,9.7,6.8,8.4,34,193,198.36
2014,KIA,FORTE 5,FULL-SIZE,2.0,4,M6,X,9.8,7.0,8.5,33,196,199.32
2014,KIA,FORTE KOUP,COMPACT,1.6,4,A6,X,10.6,7.9,9.4,30,216,203.4
2014,KIA,FORTE KOUP,COMPACT,1.6,4,M6,X,10.8,8.1,9.6,29,221,205.31
2014,KIA,FORTE KOUP,COMPACT,2.0,4,A6,X,9.6,7.0,8.4,34,193,198.36
2014,KIA,FORTE KOUP,COMPACT,2.0,4,M6,X,9.8,7.2,8.6,33,198,200.27
2014,KIA,OPTIMA,MID-SIZE,2.0,4,A6,X,11.7,7.6,9.9,29,228,212.65
2014,KIA,OPTIMA,MID-SIZE,2.4,4,A6,X,10.2,6.8,8.7,32,200,205.7
2014,KIA,RIO,COMPACT,1.6,4,A6,X,8.7,6.3,7.6,37,175,186.26
2014,KIA,RIO,COMPACT,1.6,4,M6,X,8.7,6.4,7.7,37,177,187.22
2014,KIA,RIO ECO,COMPACT,1.6,4,A6,X,8.5,6.4,7.6,37,175,186.26
2014,KIA,RONDO,STATION WAGON - MID-SIZE,2.0,4,A6,X,10.5,7.5,9.2,31,212,205.98
2014,KIA,RONDO,STATION WAGON - MID-SIZE,2.0,4,M6,X,10.8,7.4,9.3,30,214,206.93
2014,KIA,SEDONA,MINIVAN,3.5,6,A6,X,13.7,9.9,12.0,24,276,263.76
2014,KIA,SORENTO,SUV - SMALL,2.4,4,A6,X,11.8,8.5,10.3,27,237,220.94
2014,KIA,SORENTO,SUV - SMALL,3.3,6,A6,X,12.9,9.5,11.4,25,262,255.81
2014,KIA,SORENTO 4WD,SUV - SMALL,2.4,4,A6,X,12.3,9.3,11.0,26,253,227.6
2014,KIA,SORENTO 4WD,SUV - SMALL,3.3,6,A6,X,13.4,9.9,11.8,24,271,259.62
2014,KIA,SOUL,STATION WAGON - SMALL,1.6,4,A6,X,9.8,7.9,8.9,32,205,198.64
2014,KIA,SOUL,STATION WAGON - SMALL,1.6,4,M6,X,9.9,7.8,9.0,31,207,199.59
2014,KIA,SOUL,STATION WAGON - SMALL,2.0,4,A6,X,10.1,7.8,9.1,31,209,205.03
2014,KIA,SOUL ECO Dynamics,STATION WAGON - SMALL,2.0,4,A6,X,9.7,7.8,8.8,32,202,202.17
2014,KIA,SPORTAGE,SUV - SMALL,2.4,4,A6,X,11.4,8.3,10.0,28,230,218.08
2014,KIA,SPORTAGE,SUV - SMALL,2.4,4,M6,X,12.9,9.3,11.3,25,260,230.46
2014,KIA,SPORTAGE AWD,SUV - SMALL,2.0,4,A6,X,12.7,9.7,11.4,25,262,226.93
2014,KIA,SPORTAGE AWD,SUV - SMALL,2.4,4,A6,X,12.0,9.1,10.7,26,246,224.75
2014,LAMBORGHINI,AVENTADOR COUPE,TWO-SEATER,6.5,12,A7,Z,22.8,12.9,18.3,15,421,400.31
2014,LAMBORGHINI,GALLARDO COUPE,TWO-SEATER,5.2,10,A6,Z,18.0,12.8,15.7,18,361,346.67
2014,LAMBORGHINI,GALLARDO COUPE,TWO-SEATER,5.2,10,M6,Z,20.6,13.5,17.4,16,400,362.86
2014,LAND ROVER,LR2,SUV - SMALL,2.0,4,AS6,Z,13.5,9.9,11.9,24,274,231.69
2014,LAND ROVER,LR4,SUV - STANDARD,3.0,6,AS8,Z,16.3,12.4,14.5,19,334,281.96
2014,LAND ROVER,RANGE ROVER EVOQUE,SUV - SMALL,2.0,4,AS9,Z,11.3,7.9,9.8,29,225,211.69
2014,LAND ROVER,RANGE ROVER EVOQUE COUPE,SUV - SMALL,2.0,4,AS9,Z,11.3,7.9,9.8,29,225,211.69
2014,LAND ROVER,RANGE ROVER LWB V8 5.0 SC,SUV - STANDARD,5.0,8,AS8,Z,18.0,12.2,15.4,18,354,327.26
2014,LAND ROVER,RANGE ROVER LWB V8 5.0 SC FFV,SUV - STANDARD,5.0,8,AS8,Z,17.2,12.5,15.1,19,347,324.4
2014,LAND ROVER,RANGE ROVER LWB V8 5.0 SC FFV,SUV - STANDARD,5.0,8,AS8,E,25.0,16.9,21.4,13,342,384.39
2014,LAND ROVER,RANGE ROVER SPORT V6 3.0 SC,SUV - STANDARD,3.0,6,AS8,Z,14.2,10.2,12.4,23,285,261.97
2014,LAND ROVER,RANGE ROVER SPORT V6 3.0 SC FFV,SUV - STANDARD,3.0,6,AS8,Z,14.2,10.2,12.4,23,285,261.97
2014,LAND ROVER,RANGE ROVER SPORT V6 3.0 SC FFV,SUV - STANDARD,3.0,6,AS8,E,19.4,14.9,17.4,16,278,309.57
2014,LAND ROVER,RANGE ROVER SPORT V8 5.0 SC,SUV - STANDARD,5.0,8,AS8,Z,17.3,12.2,15.0,19,345,323.45
2014,LAND ROVER,RANGE ROVER SPORT V8 5.0 SC FFV,SUV - STANDARD,5.0,8,AS8,Z,16.6,12.3,14.7,19,338,320.6
2014,LAND ROVER,RANGE ROVER SPORT V8 5.0 SC FFV,SUV - STANDARD,5.0,8,AS8,E,24.0,16.6,20.7,14,331,377.72
2014,LAND ROVER,RANGE ROVER V6 3.0 SC,SUV - STANDARD,3.0,6,AS8,Z,14.1,10.1,12.3,23,283,261.02
2014,LAND ROVER,RANGE ROVER V6 3.0 SC FFV,SUV - STANDARD,3.0,6,AS8,Z,14.1,10.1,12.3,23,283,261.02
2014,LAND ROVER,RANGE ROVER V6 3.0 SC FFV,SUV - STANDARD,3.0,6,AS8,E,19.4,14.8,17.3,16,277,308.62
2014,LAND ROVER,RANGE ROVER V8 5.0 SC,SUV - STANDARD,5.0,8,AS8,Z,18.0,12.2,15.4,18,354,327.26
2014,LAND ROVER,RANGE ROVER V8 5.0 SC FFV,SUV - STANDARD,5.0,8,AS8,Z,17.2,12.5,15.1,19,347,324.4
2014,LAND ROVER,RANGE ROVER V8 5.0 SC FFV,SUV - STANDARD,5.0,8,AS8,E,25.0,16.9,21.4,13,342,384.39
2014,LEXUS,CT 200h,COMPACT,1.8,4,AV,X,5.5,5.8,5.6,50,129,169.46
2014,LEXUS,ES 300h,MID-SIZE,2.5,4,AV6,X,5.8,6.2,6.0,47,138,181.12
2014,LEXUS,ES 350,MID-SIZE,3.5,6,AS6,X,11.3,7.6,9.6,29,221,240.91
2014,LEXUS,GS 350,MID-SIZE,3.5,6,AS8,Z,12.1,8.3,10.4,27,239,248.53
2014,LEXUS,GS 350 AWD,MID-SIZE,3.5,6,AS6,Z,12.5,9.1,11.0,26,253,254.24
2014,LEXUS,GS 450h,MID-SIZE,3.5,6,AV8,Z,7.7,7.4,7.6,37,175,221.87
2014,LEXUS,GX 460,SUV - STANDARD,4.6,8,AS6,Z,15.7,11.8,13.9,20,320,308.5
2014,LEXUS,IS 250,COMPACT,2.5,6,AS6,Z,11.2,7.8,9.7,29,223,230.66
2014,LEXUS,IS 250 AWD,COMPACT,2.5,6,AS6,Z,11.8,8.7,10.4,27,239,237.32
2014,LEXUS,IS 250 C,SUBCOMPACT,2.5,6,AS6,Z,11.2,7.8,9.7,29,223,230.66
2014,LEXUS,IS 350,COMPACT,3.5,6,AS8,Z,12.2,8.7,10.6,27,244,250.44
2014,LEXUS,IS 350 AWD,COMPACT,3.5,6,AS6,Z,12.5,9.1,11.0,26,253,254.24
2014,LEXUS,IS 350 C,SUBCOMPACT,3.5,6,AS6,Z,12.1,8.7,10.6,27,244,250.44
2014,LEXUS,IS F,SUBCOMPACT,5.0,8,AS8,Z,14.6,10.1,12.6,22,290,300.6
2014,LEXUS,LS 460,MID-SIZE,4.6,8,AS8,Z,14.5,9.6,12.3,23,283,293.26
2014,LEXUS,LS 460 AWD,MID-SIZE,4.6,8,AS8,Z,15.1,10.3,12.9,22,297,298.98
2014,LEXUS,LS 460 L AWD,MID-SIZE,4.6,8,AS8,Z,15.1,10.3,12.9,22,297,298.98
2014,LEXUS,LS 600h L,MID-SIZE,5.0,8,AV8,Z,12.0,10.7,11.4,25,262,289.18
2014,LEXUS,LX 570,SUV - STANDARD,5.7,8,AS6,Z,18.8,13.6,16.5,17,380,345.58
2014,LEXUS,RX 350 AWD,SUV - SMALL,3.5,6,AS6,X,13.3,9.8,11.7,24,269,260.91
2014,LEXUS,RX 350 AWD,SUV - SMALL,3.5,6,AS8,X,12.7,9.1,11.1,25,255,255.2
2014,LEXUS,RX 450h AWD,SUV - SMALL,3.5,6,AV6,Z,7.9,8.6,8.2,34,189,227.59
2014,LINCOLN,MKS AWD,FULL-SIZE,3.5,6,AS6,X,13.7,9.4,11.8,24,271,261.86
2014,LINCOLN,MKS AWD,FULL-SIZE,3.7,6,AS6,X,13.1,9.0,11.3,25,260,259.34
2014,LINCOLN,MKT AWD,SUV - STANDARD,3.5,6,AS6,X,14.8,10.4,12.8,22,294,271.38
2014,LINCOLN,MKT LIVERY,SPECIAL PURPOSE VEHICLE,2.0,4,AS6,X,11.5,8.5,10.2,28,235,215.5
2014,LINCOLN,MKT LIVERY AWD,SPECIAL PURPOSE VEHICLE,3.7,6,A6,X,14.0,9.9,12.2,23,281,267.91
2014,LINCOLN,MKX AWD,SUV - SMALL,3.7,6,AS6,X,13.7,10.4,12.2,23,281,267.91
2014,LINCOLN,MKZ,MID-SIZE,2.0,4,AS6,X,10.5,7.1,9.0,31,207,204.08
2014,LINCOLN,MKZ AWD,MID-SIZE,3.7,6,AS6,X,13.1,9.3,11.4,25,262,260.29
2014,LINCOLN,MKZ HYBRID,MID-SIZE,2.0,4,AV,X,6.2,6.4,6.3,45,145,178.37
2014,LINCOLN,NAVIGATOR 4X4 FFV,SUV - STANDARD,5.4,8,A6,X,18.2,13.3,16.0,18,368,337.46
2014,LINCOLN,NAVIGATOR 4X4 FFV,SUV - STANDARD,5.4,8,A6,E,24.5,18.0,21.6,13,346,390.77
2014,MASERATI,GHIBLI,MID-SIZE,3.0,6,AS8,Z,15.2,9.6,12.7,22,292,264.82
2014,MASERATI,GHIBLI AWD,MID-SIZE,3.0,6,AS8,Z,15.2,9.6,12.7,22,292,264.82
2014,MASERATI,GRANTURISMO,SUBCOMPACT,4.7,8,AS6,Z,18.2,11.4,15.1,19,347,321.04
2014,MASERATI,GRANTURISMO CONVERTIBLE,SUBCOMPACT,4.7,8,AS6,Z,18.2,11.7,15.3,18,352,322.95
2014,MASERATI,QUATTROPORTE GTS,FULL-SIZE,3.8,8,AS8,Z,17.6,10.7,14.5,19,334,305.24
2014,MASERATI,QUATTROPORTE SQ4,FULL-SIZE,3.0,6,AS8,Z,15.9,9.7,13.1,22,301,268.63
2014,MAZDA,CX-5,SUV - SMALL,2.0,4,AS6,X,8.9,7.3,8.2,34,189,196.46
2014,MAZDA,CX-5,SUV - SMALL,2.0,4,M6,X,9.0,6.8,8.0,35,184,194.56
2014,MAZDA,CX-5,SUV - SMALL,2.5,4,AS6,X,9.6,7.4,8.6,33,198,205.87
2014,MAZDA,CX-5 4WD,SUV - SMALL,2.0,4,AS6,X,9.3,7.6,8.5,33,196,199.32
2014,MAZDA,CX-5 4WD,SUV - SMALL,2.5,4,AS6,X,9.8,7.9,8.9,32,205,208.73
2014,MAZDA,CX-9,SUV - SMALL,3.7,6,AS6,X,14.2,10.0,12.3,23,283,268.86
2014,MAZDA,CX-9 4WD,SUV - SMALL,3.7,6,AS6,X,14.3,10.6,12.6,22,290,271.72
2014,MAZDA,MAZDA2,COMPACT,1.5,4,A4,X,8.4,6.9,7.7,37,177,186.1
2014,MAZDA,MAZDA2,COMPACT,1.5,4,M5,X,8.0,6.7,7.4,38,170,183.24
2014,MAZDA,MAZDA3 4-DOOR,COMPACT,2.0,4,AS6,X,7.9,5.7,6.9,41,159,184.08
2014,MAZDA,MAZDA3 4-DOOR,COMPACT,2.0,4,M6,X,8.0,5.8,7.0,40,161,185.04
2014,MAZDA,MAZDA3 4-DOOR,COMPACT,2.5,4,AS6,X,8.4,6.1,7.4,38,170,194.45
2014,MAZDA,MAZDA3 4-DOOR (i-ELOOP),COMPACT,2.5,4,AS6,X,8.3,6.1,7.3,39,168,193.5
2014,MAZDA,MAZDA3 4-DOOR (SIL),COMPACT,2.0,4,M6,X,8.0,5.8,7.0,40,161,185.04
2014,MAZDA,MAZDA3 5-DOOR,MID-SIZE,2.0,4,AS6,X,8.0,5.9,7.1,40,163,185.99
2014,MAZDA,MAZDA3 5-DOOR,MID-SIZE,2.0,4,M6,X,8.2,5.9,7.2,39,166,186.94
2014,MAZDA,MAZDA3 5-DOOR,MID-SIZE,2.5,4,AS6,X,8.7,6.5,7.7,37,177,197.3
2014,MAZDA,MAZDA3 5-DOOR (i-ELOOP),MID-SIZE,2.5,4,AS6,X,8.2,6.1,7.3,39,168,193.5
2014,MAZDA,MAZDA3 5-DOOR (SIL),MID-SIZE,2.0,4,M6,X,8.2,5.9,7.2,39,166,186.94
2014,MAZDA,MAZDA5,MINIVAN,2.5,4,AS5,X,10.8,8.4,9.7,29,223,216.35
2014,MAZDA,MAZDA5,MINIVAN,2.5,4,M6,X,11.1,8.3,9.8,29,225,217.3
2014,MAZDA,MAZDA6,MID-SIZE,2.5,4,AS6,X,8.8,6.2,7.6,37,175,196.35
2014,MAZDA,MAZDA6,MID-SIZE,2.5,4,M6,X,9.4,6.4,8.1,35,186,201.11
2014,MAZDA,MAZDA6 (i-ELOOP),MID-SIZE,2.5,4,AS6,X,8.4,5.9,7.3,39,168,193.5
2014,MAZDA,MX-5,TWO-SEATER,2.0,4,AS6,Z,11.5,8.5,10.2,28,235,215.5
2014,MAZDA,MX-5,TWO-SEATER,2.0,4,M5,Z,10.5,8.5,9.6,29,221,209.79
2014,MAZDA,MX-5,TWO-SEATER,2.0,4,M6,Z,11.1,8.4,9.9,29,228,212.65
2014,MERCEDES-BENZ,B 250,STATION WAGON - SMALL,2.0,4,AS7,Z,9.2,6.6,8.0,35,184,194.56
2014,MERCEDES-BENZ,C 250,COMPACT,1.8,4,AS7,Z,10.9,7.5,9.4,30,216,205.64
2014,MERCEDES-BENZ,C 250 COUPE,SUBCOMPACT,1.8,4,AS7,Z,11.0,7.4,9.4,30,216,205.64
2014,MERCEDES-BENZ,C 300 4MATIC FFV,COMPACT,3.5,6,AS7,Z,12.2,8.5,10.5,27,242,249.48
2014,MERCEDES-BENZ,C 300 4MATIC FFV,COMPACT,3.5,6,AS7,E,16.4,11.1,14.0,20,224,282.81
2014,MERCEDES-BENZ,C 350,COMPACT,3.5,6,AS7,Z,12.0,8.6,10.5,27,242,249.48
2014,MERCEDES-BENZ,C 350 4MATIC,COMPACT,3.5,6,AS7,Z,11.9,8.6,10.4,27,239,248.53
2014,MERCEDES-BENZ,C 350 4MATIC COUPE,SUBCOMPACT,3.5,6,AS7,Z,12.1,8.7,10.6,27,244,250.44
2014,MERCEDES-BENZ,C 350 COUPE,SUBCOMPACT,3.5,6,AS7,Z,12.1,8.6,10.5,27,242,249.48
2014,MERCEDES-BENZ,C 63 AMG,COMPACT,6.2,8,AS7,Z,17.7,11.9,15.1,19,347,337.86
2014,MERCEDES-BENZ,C 63 AMG COUPE,SUBCOMPACT,6.2,8,AS7,Z,17.9,12.2,15.3,18,352,339.76
2014,MERCEDES-BENZ,CL 550 4MATIC,COMPACT,4.7,8,AS7,Z,15.4,10.4,13.2,21,304,302.95
2014,MERCEDES-BENZ,CL 63 AMG,COMPACT,5.5,8,AS7,Z,15.4,11.0,13.4,21,308,313.82
2014,MERCEDES-BENZ,CLA 250,COMPACT,2.0,4,AS7,Z,9.1,6.2,7.8,36,179,192.65
2014,MERCEDES-BENZ,CLA 45 AMG 4MATIC,COMPACT,2.0,4,AS7,Z,10.3,7.8,9.2,31,212,205.98
2014,MERCEDES-BENZ,CLS 550 4MATIC,COMPACT,4.7,8,AS7,Z,13.3,9.4,11.5,25,264,286.77
2014,MERCEDES-BENZ,CLS 63 AMG 4MATIC,COMPACT,5.5,8,AS7,Z,15.1,10.7,13.1,22,301,310.97
2014,MERCEDES-BENZ,CLS 63 AMG S 4MATIC,COMPACT,5.5,8,AS7,Z,15.1,10.7,13.1,22,301,310.97
2014,MERCEDES-BENZ,E 250 BLUETEC 4MATIC,MID-SIZE,2.1,4,AS7,D,8.5,5.7,7.2,39,194,188.06
2014,MERCEDES-BENZ,E 300 4MATIC,MID-SIZE,3.5,6,AS7,Z,11.8,8.2,10.2,28,235,246.63
2014,MERCEDES-BENZ,E 350 4MATIC,MID-SIZE,3.5,6,AS7,Z,11.6,8.1,10.0,28,230,244.72
2014,MERCEDES-BENZ,E 350 4MATIC COUPE,SUBCOMPACT,3.5,6,AS7,Z,11.9,8.5,10.4,27,239,248.53
2014,MERCEDES-BENZ,E 350 4MATIC WAGON,STATION WAGON - MID-SIZE,3.5,6,AS7,Z,12.1,8.6,10.5,27,242,249.48
2014,MERCEDES-BENZ,E 350 CABRIOLET,SUBCOMPACT,3.5,6,AS7,Z,12.0,8.5,10.4,27,239,248.53
2014,MERCEDES-BENZ,E 350 COUPE,SUBCOMPACT,3.5,6,AS7,Z,11.9,8.2,10.2,28,235,246.63
2014,MERCEDES-BENZ,E 400 HYBRID,MID-SIZE,3.5,6,AS7,Z,9.6,7.9,8.8,32,202,233.3
2014,MERCEDES-BENZ,E 550 4MATIC,MID-SIZE,4.7,8,AS7,Z,13.6,9.1,11.6,24,267,287.72
2014,MERCEDES-BENZ,E 550 CABRIOLET,SUBCOMPACT,4.7,8,AS7,Z,13.7,9.3,11.7,24,269,288.67
2014,MERCEDES-BENZ,E 550 COUPE,SUBCOMPACT,4.7,8,AS7,Z,13.4,8.9,11.4,25,262,285.81
2014,MERCEDES-BENZ,E 63 AMG 4MATIC,MID-SIZE,5.5,8,AS7,Z,15.0,10.3,12.9,22,297,309.06
2014,MERCEDES-BENZ,E 63 AMG 4MATIC WAGON,STATION WAGON - MID-SIZE,5.5,8,AS7,Z,15.5,11.0,13.5,21,310,314.78
2014,MERCEDES-BENZ,E 63 AMG S 4MATIC,MID-SIZE,5.5,8,AS7,Z,15.0,10.3,12.9,22,297,309.06
2014,MERCEDES-BENZ,E 63 AMG S 4MATIC WAGON,STATION WAGON - MID-SIZE,5.5,8,AS7,Z,15.5,11.0,13.5,21,310,314.78
2014,MERCEDES-BENZ,G 550,SUV - STANDARD,5.5,8,AS7,Z,20.0,15.9,18.2,16,419,359.52
2014,MERCEDES-BENZ,G 63 AMG,SUV - STANDARD,5.5,8,AS7,Z,19.4,15.7,17.7,16,407,354.76
2014,MERCEDES-BENZ,GL 350 BLUETEC 4MATIC,SUV - STANDARD,3.0,6,AS7,D,13.4,10.2,12.0,24,324,258.16
2014,MERCEDES-BENZ,GL 450 4MATIC,SUV - STANDARD,4.7,8,AS7,Z,17.1,12.8,15.2,19,350,321.99
2014,MERCEDES-BENZ,GL 550 4MATIC,SUV - STANDARD,4.7,8,AS7,Z,17.6,13.1,15.6,18,359,325.8
2014,MERCEDES-BENZ,GL 63 AMG,SUV - STANDARD,5.5,8,AS7,Z,17.7,13.4,15.8,18,363,336.67
2014,MERCEDES-BENZ,GLK 250 BLUETEC 4MATIC,SUV - SMALL,2.1,4,AS7,D,9.6,7.1,8.5,33,230,200.44
2014,MERCEDES-BENZ,GLK 350 4MATIC,SUV - SMALL,3.5,6,AS7,Z,12.6,9.6,11.3,25,260,257.1
2014,MERCEDES-BENZ,ML 350 4MATIC FFV,SUV - STANDARD,3.5,6,AS7,Z,13.4,10.5,12.1,23,278,264.72
2014,MERCEDES-BENZ,ML 350 4MATIC FFV,SUV - STANDARD,3.5,6,AS7,E,17.8,13.8,16.0,18,256,301.85
2014,MERCEDES-BENZ,ML 350 BLUETEC 4MATIC,SUV - STANDARD,3.0,6,AS7,D,11.8,8.5,10.3,27,278,241.97
2014,MERCEDES-BENZ,ML 550 4MATIC,SUV - STANDARD,4.7,8,AS7,Z,16.2,11.8,14.2,20,327,312.47
2014,MERCEDES-BENZ,ML 63 AMG 4MATIC,SUV - STANDARD,5.5,8,AS7,Z,17.2,13.5,15.5,18,356,333.82
2014,MERCEDES-BENZ,S 550 4MATIC LWB,FULL-SIZE,4.7,8,AS7,Z,14.3,9.5,12.1,23,278,292.48
2014,MERCEDES-BENZ,S 550 4MATIC SWB,FULL-SIZE,4.7,8,AS7,Z,14.2,9.4,12.0,24,276,291.53
2014,MERCEDES-BENZ,S 63 AMG 4MATIC,FULL-SIZE,5.5,8,AS7,Z,15.6,10.3,13.2,21,304,311.92
2014,MERCEDES-BENZ,SL 550,TWO-SEATER,4.7,8,AS7,Z,13.4,9.6,11.7,24,269,288.67
2014,MERCEDES-BENZ,SL 63 AMG,TWO-SEATER,5.5,8,AS7,Z,14.8,10.2,12.7,22,292,307.16
2014,MERCEDES-BENZ,SL 65 AMG,TWO-SEATER,6.0,8,AS7,Z,16.7,11.2,14.2,20,327,327.05
2014,MERCEDES-BENZ,SLK 250,TWO-SEATER,1.8,4,AS7,Z,10.3,7.2,8.9,32,205,200.88
2014,MERCEDES-BENZ,SLK 250,TWO-SEATER,1.8,4,M6,Z,10.4,7.3,9.0,31,207,201.84
2014,MERCEDES-BENZ,SLK 350,TWO-SEATER,3.5,6,AS7,Z,11.1,8.1,9.8,29,225,242.82
2014,MERCEDES-BENZ,SLK 55 AMG,TWO-SEATER,5.5,8,AS7,Z,12.3,8.7,10.7,26,246,288.12
2014,MERCEDES-BENZ,SLS AMG BLACK SERIES COUPE,TWO-SEATER,6.2,8,AS7,Z,18.7,13.9,16.5,17,380,351.19
2014,MERCEDES-BENZ,SLS AMG GT COUPE,TWO-SEATER,6.2,8,AS7,Z,18.2,12.6,15.7,18,361,343.57
2014,MERCEDES-BENZ,SLS AMG ROADSTER,TWO-SEATER,6.2,8,AS7,Z,18.2,12.6,15.7,18,361,343.57
2014,MINI,COOPER CLUBMAN,SUBCOMPACT,1.6,4,A6,Z,8.7,6.6,7.8,36,179,188.17
2014,MINI,COOPER CLUBMAN,SUBCOMPACT,1.6,4,M6,Z,8.6,6.8,7.8,36,179,188.17
2014,MINI,COOPER CONVERTIBLE,MINICOMPACT,1.6,4,A6,Z,8.7,6.6,7.8,36,179,188.17
2014,MINI,COOPER CONVERTIBLE,MINICOMPACT,1.6,4,M6,Z,8.6,6.8,7.8,36,179,188.17
2014,MINI,COOPER COUNTRYMAN,COMPACT,1.6,4,A6,Z,9.4,7.9,8.7,32,200,196.74
2014,MINI,COOPER COUNTRYMAN,COMPACT,1.6,4,M6,Z,8.6,6.8,7.8,36,179,188.17
2014,MINI,COOPER COUPE,TWO-SEATER,1.6,4,A6,Z,8.5,6.6,7.6,37,175,186.26
2014,MINI,COOPER COUPE,TWO-SEATER,1.6,4,M6,Z,8.0,6.4,7.3,39,168,183.41
2014,MINI,COOPER PACEMAN,COMPACT,1.6,4,A6,Z,9.4,7.9,8.7,32,200,196.74
2014,MINI,COOPER PACEMAN,COMPACT,1.6,4,M6,Z,8.6,6.8,7.8,36,179,188.17
2014,MINI,COOPER ROADSTER,TWO-SEATER,1.6,4,A6,Z,8.7,6.6,7.8,36,179,188.17
2014,MINI,COOPER ROADSTER,TWO-SEATER,1.6,4,M6,Z,8.6,6.8,7.8,36,179,188.17
2014,MINI,COOPER S CLUBMAN,SUBCOMPACT,1.6,4,A6,Z,9.3,7.0,8.3,34,191,192.93
2014,MINI,COOPER S CLUBMAN,SUBCOMPACT,1.6,4,M6,Z,9.1,6.7,8.0,35,184,190.07
2014,MINI,COOPER S CONVERTIBLE,MINICOMPACT,1.6,4,A6,Z,9.3,7.0,8.3,34,191,192.93
2014,MINI,COOPER S CONVERTIBLE,MINICOMPACT,1.6,4,M6,Z,9.1,6.7,8.0,35,184,190.07
2014,MINI,COOPER S COUNTRYMAN ALL4,COMPACT,1.6,4,A6,Z,10.0,7.8,9.0,31,207,199.59
2014,MINI,COOPER S COUNTRYMAN ALL4,COMPACT,1.6,4,M6,Z,9.3,7.5,8.5,33,196,194.83
2014,MINI,COOPER S COUPE,TWO-SEATER,1.6,4,A6,Z,9.3,7.0,8.3,34,191,192.93
2014,MINI,COOPER S COUPE,TWO-SEATER,1.6,4,M6,Z,9.1,6.7,8.0,35,184,190.07
2014,MINI,COOPER S PACEMAN ALL4,COMPACT,1.6,4,A6,Z,10.0,7.8,9.0,31,207,199.59
2014,MINI,COOPER S PACEMAN ALL4,COMPACT,1.6,4,M6,Z,9.3,7.5,8.5,33,196,194.83
2014,MINI,COOPER S ROADSTER,TWO-SEATER,1.6,4,A6,Z,9.3,7.0,8.3,34,191,192.93
2014,MINI,COOPER S ROADSTER,TWO-SEATER,1.6,4,M6,Z,9.1,6.7,8.0,35,184,190.07
2014,MINI,JOHN COOPER WORKS CLUBMAN,SUBCOMPACT,1.6,4,A6,Z,9.3,7.0,8.3,34,191,192.93
2014,MINI,JOHN COOPER WORKS CLUBMAN,SUBCOMPACT,1.6,4,M6,Z,9.1,6.7,8.0,35,184,190.07
2014,MINI,JOHN COOPER WORKS CONVERTIBLE,MINICOMPACT,1.6,4,A6,Z,9.3,7.0,8.3,34,191,192.93
2014,MINI,JOHN COOPER WORKS CONVERTIBLE,MINICOMPACT,1.6,4,M6,Z,9.1,6.7,8.0,35,184,190.07
2014,MINI,JOHN COOPER WORKS COUNTRYMAN ALL4,COMPACT,1.6,4,A6,Z,10.0,7.8,9.0,31,207,199.59
2014,MINI,JOHN COOPER WORKS COUNTRYMAN ALL4,COMPACT,1.6,4,M6,Z,9.3,7.5,8.5,33,196,194.83
2014,MINI,JOHN COOPER WORKS COUPE,TWO-SEATER,1.6,4,A6,Z,9.3,7.0,8.3,34,191,192.93
2014,MINI,JOHN COOPER WORKS COUPE,TWO-SEATER,1.6,4,M6,Z,9.1,6.7,8.0,35,184,190.07
2014,MINI,JOHN COOPER WORKS PACEMAN ALL4,COMPACT,1.6,4,A6,Z,10.0,7.8,9.0,31,207,199.59
2014,MINI,JOHN COOPER WORKS PACEMAN ALL4,COMPACT,1.6,4,M6,Z,9.3,7.5,8.5,33,196,194.83
2014,MINI,JOHN COOPER WORKS ROADSTER,TWO-SEATER,1.6,4,A6,Z,9.3,7.0,8.3,34,191,192.93
2014,MINI,JOHN COOPER WORKS ROADSTER,TWO-SEATER,1.6,4,M6,Z,9.1,6.7,8.0,35,184,190.07
2014,MITSUBISHI,LANCER,COMPACT,2.0,4,AV6,X,9.2,7.0,8.2,34,189,196.46
2014,MITSUBISHI,LANCER,COMPACT,2.0,4,M5,X,9.6,6.8,8.3,34,191,197.41
2014,MITSUBISHI,LANCER AWD,COMPACT,2.4,4,AV6,X,10.5,8.2,9.5,30,218,213.32
2014,MITSUBISHI,LANCER EVOLUTION,COMPACT,2.0,4,AM6,Z,14.2,10.5,12.5,23,288,237.4
2014,MITSUBISHI,LANCER EVOLUTION,COMPACT,2.0,4,M5,Z,14.0,10.3,12.3,23,283,235.5
2014,MITSUBISHI,LANCER RALLIART,COMPACT,2.0,4,AM6,Z,13.4,9.4,11.6,24,267,228.83
2014,MITSUBISHI,LANCER SPORTBACK,STATION WAGON - SMALL,2.0,4,AV6,X,9.6,7.3,8.6,33,198,200.27
2014,MITSUBISHI,LANCER SPORTBACK,STATION WAGON - SMALL,2.0,4,M5,X,9.8,7.1,8.6,33,198,200.27
2014,MITSUBISHI,MIRAGE,COMPACT,1.2,3,AV,X,6.4,5.4,6.0,47,138,159.39
2014,MITSUBISHI,MIRAGE,COMPACT,1.2,3,M5,X,7.0,5.6,6.4,44,147,163.2
2014,MITSUBISHI,OUTLANDER,SUV - SMALL,2.4,4,AV6,X,9.5,7.5,8.6,33,198,204.75
2014,MITSUBISHI,OUTLANDER 4WD,SUV - SMALL,2.4,4,AV6,X,9.9,8.1,9.1,31,209,209.51
2014,MITSUBISHI,OUTLANDER 4WD,SUV - SMALL,3.0,6,AS6,Z,11.5,8.5,10.2,28,235,241.02
2014,MITSUBISHI,RVR,SUV - SMALL,2.0,4,AV6,X,9.6,7.6,8.7,32,200,201.22
2014,MITSUBISHI,RVR,SUV - SMALL,2.0,4,M5,X,9.9,7.5,8.8,32,202,202.17
2014,MITSUBISHI,RVR 4WD,SUV - SMALL,2.0,4,AV6,X,9.8,8.0,9.0,31,207,204.08
2014,NISSAN,370Z,TWO-SEATER,3.7,6,AS7,Z,12.6,9.1,11.0,26,253,256.49
2014,NISSAN,370Z,TWO-SEATER,3.7,6,M6,Z,13.3,9.3,11.5,25,264,261.25
2014,NISSAN,370Z ROADSTER,TWO-SEATER,3.7,6,AS7,Z,13.0,9.5,11.4,25,262,260.29
2014,NISSAN,370Z ROADSTER,TWO-SEATER,3.7,6,M6,Z,13.5,9.6,11.7,24,269,263.15
2014,NISSAN,ALTIMA,MID-SIZE,2.5,4,AV,X,8.7,6.2,7.6,37,175,196.35
2014,NISSAN,ALTIMA,MID-SIZE,3.5,6,AV,X,10.8,7.4,9.3,30,214,238.06
2014,NISSAN,ARMADA 4WD,SUV - STANDARD,5.6,8,A5,X,19.1,13.4,16.5,17,380,344.46
2014,NISSAN,FRONTIER,PICKUP TRUCK - SMALL,2.5,4,A5,X,13.7,10.6,12.3,23,283,241.1
2014,NISSAN,FRONTIER,PICKUP TRUCK - SMALL,2.5,4,M5,X,12.2,10.2,11.3,25,260,231.58
2014,NISSAN,FRONTIER,PICKUP TRUCK - SMALL,4.0,6,A5,X,14.7,10.2,12.7,22,292,276.03
2014,NISSAN,FRONTIER 4WD,PICKUP TRUCK - SMALL,4.0,6,A5,X,15.7,11.2,13.7,21,315,285.55
2014,NISSAN,FRONTIER 4WD,PICKUP TRUCK - SMALL,4.0,6,M6,X,14.8,11.0,13.1,22,301,279.84
2014,NISSAN,GT-R,SUBCOMPACT,3.8,6,AM6,Z,14.5,10.9,12.9,22,297,275.7
2014,NISSAN,JUKE,STATION WAGON - SMALL,1.6,4,AV,Z,8.7,7.3,8.1,35,186,191.02
2014,NISSAN,JUKE,STATION WAGON - SMALL,1.6,4,M6,Z,9.5,7.6,8.6,33,198,195.78
2014,NISSAN,JUKE AWD,STATION WAGON - SMALL,1.6,4,AV,Z,9.3,7.9,8.7,32,200,196.74
2014,NISSAN,MAXIMA,MID-SIZE,3.5,6,AV,Z,12.3,9.1,10.9,26,251,253.29
2014,NISSAN,MURANO AWD,SUV - SMALL,3.5,6,AV,X,13.2,10.1,11.8,24,271,261.86
2014,NISSAN,NV200 CARGO VAN,SPECIAL PURPOSE VEHICLE,2.0,4,AV,X,10.0,8.5,9.3,30,214,206.93
2014,NISSAN,PATHFINDER,SUV - SMALL,3.5,6,AV,X,12.0,8.9,10.6,27,244,250.44
2014,NISSAN,PATHFINDER 4WD,SUV - SMALL,3.5,6,AV,X,12.3,9.3,11.0,26,253,254.24
2014,NISSAN,PATHFINDER HYBRID 4WD,SUV - STANDARD,2.5,4,AV,X,9.1,8.5,8.8,32,202,207.78
2014,NISSAN,QUEST,MINIVAN,3.5,6,AV,X,12.5,9.5,11.1,25,255,255.2
2014,NISSAN,ROGUE,SUV - SMALL,2.5,4,AV,X,9.2,7.2,8.3,34,191,203.02
2014,NISSAN,ROGUE AWD,SUV - SMALL,2.5,4,AV,X,9.5,7.4,8.6,33,198,205.87
2014,NISSAN,SENTRA,MID-SIZE,1.8,4,AV,X,7.8,6.0,7.0,40,161,182.79
2014,NISSAN,SENTRA,MID-SIZE,1.8,4,M6,X,8.7,6.6,7.8,36,179,190.41
2014,NISSAN,TITAN,PICKUP TRUCK - STANDARD,5.6,8,A5,X,17.9,12.8,15.6,18,359,335.89
2014,NISSAN,TITAN 4WD,PICKUP TRUCK - STANDARD,5.6,8,A5,X,19.7,14.3,17.3,16,398,352.08
2014,NISSAN,VERSA,COMPACT,1.6,4,AV,X,7.2,5.8,6.6,43,152,176.74
2014,NISSAN,VERSA,COMPACT,1.6,4,M5,X,8.6,6.5,7.7,37,177,187.22
2014,NISSAN,XTERRA 4WD,SUV - SMALL,4.0,6,A5,X,16.1,11.9,14.2,20,327,290.32
2014,NISSAN,XTERRA 4WD,SUV - SMALL,4.0,6,M6,X,15.2,11.9,13.7,21,315,285.55
2014,PORSCHE,911 CARRERA,MINICOMPACT,3.4,6,AM7,Z,11.6,8.3,10.1,28,232,244.55
2014,PORSCHE,911 CARRERA,MINICOMPACT,3.4,6,M7,Z,12.5,8.6,10.7,26,246,250.27
2014,PORSCHE,911 CARRERA 4,MINICOMPACT,3.4,6,AM7,Z,11.8,8.5,10.3,27,237,246.46
2014,PORSCHE,911 CARRERA 4,MINICOMPACT,3.4,6,M7,Z,12.4,8.6,10.7,26,246,250.27
2014,PORSCHE,911 CARRERA 4 CABRIOLET,MINICOMPACT,3.4,6,AM7,Z,12.0,8.7,10.5,27,242,248.36
2014,PORSCHE,911 CARRERA 4 CABRIOLET,MINICOMPACT,3.4,6,M7,Z,12.6,9.0,11.0,26,253,253.12
2014,PORSCHE,911 CARRERA 4S,MINICOMPACT,3.8,6,AM7,Z,12.3,8.9,10.8,26,248,255.7
2014,PORSCHE,911 CARRERA 4S,MINICOMPACT,3.8,6,M7,Z,12.8,8.9,11.0,26,253,257.61
2014,PORSCHE,911 CARRERA 4S CABRIOLET,MINICOMPACT,3.8,6,AM7,Z,12.7,9.0,11.0,26,253,257.61
2014,PORSCHE,911 CARRERA 4S CABRIOLET,MINICOMPACT,3.8,6,M7,Z,12.9,9.1,11.2,25,258,259.51
2014,PORSCHE,911 CARRERA CABRIOLET,MINICOMPACT,3.4,6,AM7,Z,11.6,8.3,10.1,28,232,244.55
2014,PORSCHE,911 CARRERA CABRIOLET,MINICOMPACT,3.4,6,M7,Z,12.4,8.6,10.7,26,246,250.27
2014,PORSCHE,911 CARRERA S,MINICOMPACT,3.8,6,AM7,Z,12.1,8.7,10.6,27,244,253.8
2014,PORSCHE,911 CARRERA S,MINICOMPACT,3.8,6,M7,Z,12.6,8.6,10.8,26,248,255.7
2014,PORSCHE,911 CARRERA S CABRIOLET,MINICOMPACT,3.8,6,AM7,Z,12.4,8.7,10.7,26,246,254.75
2014,PORSCHE,911 CARRERA S CABRIOLET,MINICOMPACT,3.8,6,M7,Z,12.6,8.8,10.9,26,251,256.65
2014,PORSCHE,911 GT3,TWO-SEATER,3.8,6,AM7,Z,16.0,11.5,14.0,20,322,286.17
2014,PORSCHE,911 TURBO,MINICOMPACT,3.8,6,AM7,Z,13.7,9.6,11.9,24,274,266.18
2014,PORSCHE,911 TURBO CABRIOLET,MINICOMPACT,3.8,6,AM7,Z,13.7,9.6,11.9,24,274,266.18
2014,PORSCHE,911 TURBO S,MINICOMPACT,3.8,6,AM7,Z,13.7,9.6,11.9,24,274,266.18
2014,PORSCHE,911 TURBO S CABRIOLET,MINICOMPACT,3.8,6,AM7,Z,13.7,9.6,11.9,24,274,266.18
2014,PORSCHE,BOXSTER,TWO-SEATER,2.7,6,AM7,Z,10.7,7.4,9.2,31,212,228.14
2014,PORSCHE,BOXSTER,TWO-SEATER,2.7,6,M6,Z,11.5,7.9,9.9,29,228,234.8
2014,PORSCHE,BOXSTER S,TWO-SEATER,3.4,6,AM7,Z,11.3,7.9,9.8,29,225,241.7
2014,PORSCHE,BOXSTER S,TWO-SEATER,3.4,6,M6,Z,11.9,8.6,10.4,27,239,247.41
2014,PORSCHE,CAYENNE,SUV - STANDARD,3.6,6,A8,Z,13.6,10.1,12.0,24,276,264.89
2014,PORSCHE,CAYENNE,SUV - STANDARD,3.6,6,M6,Z,15.8,10.9,13.6,21,313,280.12
2014,PORSCHE,CAYENNE DIESEL,SUV - STANDARD,3.0,6,A8,D,12.2,8.1,10.4,27,281,242.93
2014,PORSCHE,CAYENNE GTS,SUV - STANDARD,4.8,8,A8,Z,15.9,11.4,13.9,20,320,310.74
2014,PORSCHE,CAYENNE S,SUV - STANDARD,4.8,8,A8,Z,15.0,10.6,13.0,22,299,302.17
2014,PORSCHE,CAYENNE S HYBRID,SUV - STANDARD,3.0,6,A8,Z,11.8,9.9,10.9,26,251,247.69
2014,PORSCHE,CAYENNE TURBO,SUV - STANDARD,4.8,8,A8,Z,15.9,10.9,13.7,21,315,308.83
2014,PORSCHE,CAYMAN,TWO-SEATER,2.7,6,AM7,Z,10.7,7.4,9.2,31,212,228.14
2014,PORSCHE,CAYMAN,TWO-SEATER,2.7,6,M6,Z,11.5,7.9,9.9,29,228,234.8
2014,PORSCHE,CAYMAN S,TWO-SEATER,3.4,6,AM7,Z,11.3,7.9,9.8,29,225,241.7
2014,PORSCHE,CAYMAN S,TWO-SEATER,3.4,6,M6,Z,11.9,8.6,10.4,27,239,247.41
2014,PORSCHE,PANAMERA,FULL-SIZE,3.6,6,AM7,Z,12.9,8.4,10.9,26,251,254.41
2014,PORSCHE,PANAMERA 4,FULL-SIZE,3.6,6,AM7,Z,13.1,8.7,11.1,25,255,256.32
2014,PORSCHE,PANAMERA 4S,FULL-SIZE,3.0,6,AM7,Z,13.4,8.8,11.3,25,260,251.5
2014,PORSCHE,PANAMERA 4S EXECUTIVE,FULL-SIZE,3.0,6,AM7,Z,13.7,8.9,11.5,25,264,253.4
2014,PORSCHE,PANAMERA GTS,FULL-SIZE,4.8,8,AM7,Z,15.1,9.7,12.7,22,292,299.31
2014,PORSCHE,PANAMERA S,FULL-SIZE,3.0,6,AM7,Z,13.4,8.8,11.3,25,260,251.5
2014,PORSCHE,PANAMERA TURBO,FULL-SIZE,4.8,8,AM7,Z,15.3,9.7,12.8,22,294,300.26
2014,PORSCHE,PANAMERA TURBO EXECUTIVE,FULL-SIZE,4.8,8,AM7,Z,15.4,9.8,12.9,22,297,301.22
2014,RAM,1500 (MDS),PICKUP TRUCK - STANDARD,5.7,8,A6,X,17.1,12.0,14.8,19,340,329.4
2014,RAM,1500 (MDS),PICKUP TRUCK - STANDARD,5.7,8,A8,X,15.8,10.9,13.6,21,313,317.97
2014,RAM,1500 4X4 (MDS),PICKUP TRUCK - STANDARD,5.7,8,A6,X,17.6,12.7,15.4,18,354,335.11
2014,RAM,1500 4X4 (MDS),PICKUP TRUCK - STANDARD,5.7,8,A8,X,16.3,11.5,14.1,20,324,322.73
2014,RAM,1500 4X4 DIESEL,PICKUP TRUCK - STANDARD,3.0,6,A8,D,12.1,8.8,10.6,27,286,244.83
2014,RAM,1500 4X4 FFV,PICKUP TRUCK - STANDARD,3.6,6,A8,X,14.6,10.1,12.6,22,290,270.6
2014,RAM,1500 4X4 FFV,PICKUP TRUCK - STANDARD,3.6,6,A8,E,20.5,14.5,17.8,16,285,320.11
2014,RAM,1500 DIESEL,PICKUP TRUCK - STANDARD,3.0,6,A8,D,11.6,8.4,10.2,28,275,241.02
2014,RAM,1500 FFV,PICKUP TRUCK - STANDARD,3.6,6,A8,X,13.9,9.5,11.9,24,274,263.93
2014,RAM,1500 FFV,PICKUP TRUCK - STANDARD,3.6,6,A8,E,19.4,13.6,16.8,17,269,310.59
2014,RAM,1500 HFE,PICKUP TRUCK - STANDARD,3.6,6,A8,X,12.9,9.3,11.3,25,260,258.22
2014,RAM,CARGO VAN FFV,MINIVAN,3.6,6,A6,X,13.3,9.1,11.4,25,262,259.17
2014,RAM,CARGO VAN FFV,MINIVAN,3.6,6,A6,E,18.6,12.7,15.9,18,254,302.02
2014,ROLLS-ROYCE,GHOST,FULL-SIZE,6.6,12,A8,Z,19.1,12.3,16.0,18,368,379.53
2014,ROLLS-ROYCE,GHOST EWB,FULL-SIZE,6.6,12,A8,Z,19.1,12.3,16.0,18,368,379.53
2014,ROLLS-ROYCE,PHANTOM,FULL-SIZE,6.7,12,A8,Z,20.7,12.8,17.1,17,393,391.12
2014,ROLLS-ROYCE,PHANTOM COUPE,COMPACT,6.7,12,A8,Z,20.7,12.8,17.1,17,393,391.12
2014,ROLLS-ROYCE,PHANTOM DROPHEAD COUPE,COMPACT,6.7,12,A8,Z,20.7,12.7,17.1,17,393,391.12
2014,ROLLS-ROYCE,PHANTOM EWB,FULL-SIZE,6.7,12,A8,Z,20.7,12.7,17.1,17,393,391.12
2014,ROLLS-ROYCE,WRAITH,MID-SIZE,6.6,12,A8,Z,18.7,11.8,15.6,18,359,375.72
2014,SCION,FR-S,MINICOMPACT,2.0,4,AS6,Z,9.6,7.0,8.4,34,193,198.36
2014,SCION,FR-S,MINICOMPACT,2.0,4,M6,Z,10.9,7.8,9.5,30,218,208.84
2014,SCION,iQ,MINICOMPACT,1.3,4,AV,X,6.6,5.7,6.2,46,143,169.57
2014,SCION,tC,COMPACT,2.5,4,AS6,X,10.2,7.5,9.0,31,207,209.68
2014,SCION,tC,COMPACT,2.5,4,M6,X,10.2,7.6,9.0,31,207,209.68
2014,SCION,xB,STATION WAGON - SMALL,2.4,4,AS4,X,10.9,8.6,9.9,29,228,217.13
2014,SCION,xB,STATION WAGON - SMALL,2.4,4,M5,X,10.9,8.6,9.9,29,228,217.13
2014,SCION,xD,SUBCOMPACT,1.8,4,A4,X,8.8,7.1,8.0,35,184,192.31
2014,SCION,xD,SUBCOMPACT,1.8,4,M5,X,8.6,7.1,7.9,36,182,191.36
2014,SMART,FORTWO CABRIOLET,TWO-SEATER,1.0,3,AM5,Z,6.9,5.7,6.4,44,147,160.96
2014,SMART,FORTWO COUPE,TWO-SEATER,1.0,3,AM5,Z,6.9,5.7,6.4,44,147,160.96
2014,SRT,VIPER COUPE,TWO-SEATER,8.4,10,M6,Z,20.0,13.0,16.9,17,389,393.97
2014,SRT,VIPER GTS COUPE,TWO-SEATER,8.4,10,M6,Z,20.0,13.0,16.9,17,389,393.97
2014,SUBARU,BRZ,MINICOMPACT,2.0,4,AS6,Z,9.6,7.1,8.5,33,196,199.32
2014,SUBARU,BRZ,MINICOMPACT,2.0,4,M6,Z,11.0,7.9,9.6,29,221,209.79
2014,SUBARU,FORESTER AWD,SUV - SMALL,2.0,4,AV,Z,10.2,8.6,9.5,30,218,208.84
2014,SUBARU,FORESTER AWD,SUV - SMALL,2.5,4,AV,X,9.6,7.4,8.6,33,198,205.87
2014,SUBARU,FORESTER AWD,SUV - SMALL,2.5,4,M6,X,10.9,8.3,9.7,29,223,216.35
2014,SUBARU,IMPREZA AWD,COMPACT,2.0,4,AV,X,8.7,6.6,7.8,36,179,192.65
2014,SUBARU,IMPREZA AWD,COMPACT,2.0,4,M5,X,9.6,7.1,8.5,33,196,199.32
2014,SUBARU,IMPREZA AWD,COMPACT,2.5,4,M5,Z,12.6,9.5,11.2,25,258,230.63
2014,SUBARU,IMPREZA AWD,COMPACT,2.5,4,M6,Z,14.2,10.4,12.5,23,288,243.0
2014,SUBARU,IMPREZA WAGON AWD,STATION WAGON - SMALL,2.0,4,AV,X,8.7,6.6,7.8,36,179,192.65
2014,SUBARU,IMPREZA WAGON AWD,STATION WAGON - SMALL,2.0,4,M5,X,9.6,7.1,8.5,33,196,199.32
2014,SUBARU,IMPREZA WAGON AWD,STATION WAGON - SMALL,2.5,4,M5,Z,12.6,9.5,11.2,25,258,230.63
2014,SUBARU,IMPREZA WAGON AWD,STATION WAGON - SMALL,2.5,4,M6,Z,14.2,10.4,12.5,23,288,243.0
2014,SUBARU,LEGACY AWD,MID-SIZE,2.5,4,AV,X,9.7,7.3,8.6,33,198,205.87
2014,SUBARU,LEGACY AWD,MID-SIZE,2.5,4,M6,X,11.3,8.2,9.9,29,228,218.25
2014,SUBARU,LEGACY AWD,MID-SIZE,3.6,6,AS5,X,13.3,9.5,11.6,24,267,261.08
2014,SUBARU,OUTBACK AWD,SUV - SMALL,2.5,4,AV,X,9.9,7.8,9.0,31,207,209.68
2014,SUBARU,OUTBACK AWD,SUV - SMALL,2.5,4,M6,X,10.8,8.5,9.8,29,225,217.3
2014,SUBARU,OUTBACK AWD,SUV - SMALL,3.6,6,AS5,X,13.4,9.7,11.7,24,269,262.03
2014,SUBARU,TRIBECA AWD,SUV - SMALL,3.6,6,AS5,X,14.7,11.1,13.1,22,301,275.36
2014,SUBARU,XV CROSSTREK AWD,SUV - SMALL,2.0,4,AV,X,9.5,7.2,8.5,33,196,199.32
2014,SUBARU,XV CROSSTREK AWD,SUV - SMALL,2.0,4,M5,X,10.2,8.0,9.2,31,212,205.98
2014,SUBARU,XV CROSSTREK HYBRID AWD,SUV - SMALL,2.0,4,AV,X,8.1,7.2,7.7,37,177,191.7
2014,TOYOTA,4RUNNER (Part-Time 4WD),SUV - STANDARD,4.0,6,AS5,X,14.3,11.1,12.9,22,297,277.94
2014,TOYOTA,4RUNNER 4WD,SUV - STANDARD,4.0,6,AS5,X,14.3,11.1,12.9,22,297,277.94
2014,TOYOTA,AVALON,MID-SIZE,3.5,6,AS6,X,11.3,7.6,9.6,29,221,240.91
2014,TOYOTA,CAMRY,MID-SIZE,2.5,4,AS6,X,9.5,6.6,8.2,34,189,202.07
2014,TOYOTA,CAMRY,MID-SIZE,3.5,6,AS6,X,11.1,7.8,9.6,29,221,240.91
2014,TOYOTA,CAMRY HYBRID LE,MID-SIZE,2.5,4,AV,X,5.5,5.9,5.7,50,131,178.26
2014,TOYOTA,CAMRY HYBRID XLE/SE,MID-SIZE,2.5,4,AV,X,5.8,6.2,6.0,47,138,181.12
2014,TOYOTA,COROLLA,MID-SIZE,1.8,4,A4,X,8.6,6.5,7.7,37,177,189.46
2014,TOYOTA,COROLLA,MID-SIZE,1.8,4,AV7,X,8.1,6.3,7.3,39,168,185.65
2014,TOYOTA,COROLLA,MID-SIZE,1.8,4,AV,X,8.0,5.9,7.1,40,163,183.75
2014,TOYOTA,COROLLA,MID-SIZE,1.8,4,M6,X,8.3,6.3,7.4,38,170,186.6
2014,TOYOTA,COROLLA LE ECO (1-mode),MID-SIZE,1.8,4,AV,X,7.7,5.6,6.8,42,156,180.89
2014,TOYOTA,COROLLA LE ECO (2-mode),MID-SIZE,1.8,4,AV,X,7.8,5.9,6.9,41,159,181.84
2014,TOYOTA,COROLLA MATRIX,STATION WAGON - SMALL,1.8,4,A4,X,9.4,7.5,8.5,33,196,197.07
2014,TOYOTA,COROLLA MATRIX,STATION WAGON - SMALL,1.8,4,M5,X,8.9,7.3,8.2,34,189,194.22
2014,TOYOTA,FJ CRUISER 4WD,SUV - SMALL,4.0,6,A5,X,14.3,11.2,12.9,22,297,277.94
2014,TOYOTA,FJ CRUISER 4WD,SUV - SMALL,4.0,6,M6,X,15.4,12.1,13.9,20,320,287.46
2014,TOYOTA,HIGHLANDER,SUV - SMALL,2.7,4,AS6,X,11.7,8.6,10.3,27,237,224.3
2014,TOYOTA,HIGHLANDER,SUV - SMALL,3.5,6,AS6,X,12.6,9.4,11.2,25,258,256.15
2014,TOYOTA,HIGHLANDER AWD,SUV - STANDARD,3.5,6,AS6,X,13.0,9.7,11.5,25,264,259.0
2014,TOYOTA,HIGHLANDER HYBRID AWD,SUV - STANDARD,3.5,6,AV6,X,8.0,8.6,8.3,34,191,228.54
2014,TOYOTA,HIGHLANDER HYBRID AWD LE,SUV - STANDARD,3.5,6,AV6,X,7.9,8.6,8.2,34,189,227.59
2014,TOYOTA,PRIUS,MID-SIZE,1.8,4,AV,X,4.7,4.9,4.8,59,110,161.85
2014,TOYOTA,PRIUS c,COMPACT,1.5,4,AV,X,4.6,4.9,4.7,60,108,157.53
2014,TOYOTA,PRIUS v,STATION WAGON - MID-SIZE,1.8,4,AV,X,5.3,5.8,5.5,51,126,168.51
2014,TOYOTA,RAV4,SUV - SMALL,2.5,4,AS6,X,10.0,7.6,8.9,32,205,208.73
2014,TOYOTA,RAV4 AWD,SUV - SMALL,2.5,4,AS6,X,10.4,8.1,9.4,30,216,213.49
2014,TOYOTA,RAV4 LIMITED AWD,SUV - SMALL,2.5,4,AS6,X,10.6,8.2,9.5,30,218,214.44
2014,TOYOTA,SEQUOIA 4WD,SUV - STANDARD,5.7,8,AS6,X,19.0,13.9,16.7,17,384,347.48
2014,TOYOTA,SIENNA,MINIVAN,3.5,6,AS6,X,12.9,9.4,11.3,25,260,257.1
2014,TOYOTA,SIENNA AWD,MINIVAN,3.5,6,AS6,X,14.2,10.3,12.4,23,285,267.57
2014,TOYOTA,TACOMA,PICKUP TRUCK - SMALL,2.7,4,A4,X,12.2,9.3,10.9,26,251,230.01
2014,TOYOTA,TACOMA,PICKUP TRUCK - SMALL,2.7,4,M5,X,11.3,8.9,10.2,28,235,223.35
2014,TOYOTA,TACOMA,PICKUP TRUCK - SMALL,4.0,6,M6,X,14.5,11.3,13.1,22,301,279.84
2014,TOYOTA,TACOMA 4WD,PICKUP TRUCK - SMALL,2.7,4,A4,X,13.1,10.5,11.9,24,274,239.53
2014,TOYOTA,TACOMA 4WD,PICKUP TRUCK - SMALL,2.7,4,M5,X,12.8,10.6,11.8,24,271,238.58
2014,TOYOTA,TACOMA 4WD,PICKUP TRUCK - SMALL,4.0,6,A5,X,14.7,11.5,13.3,21,306,281.75
2014,TOYOTA,TACOMA 4WD,PICKUP TRUCK - SMALL,4.0,6,M6,X,15.3,12.3,14.0,20,322,288.41
2014,TOYOTA,TUNDRA,PICKUP TRUCK - STANDARD,4.0,6,AS5,X,14.8,11.8,13.5,21,310,283.65
2014,TOYOTA,TUNDRA,PICKUP TRUCK - STANDARD,4.6,8,AS6,X,15.9,12.3,14.3,20,329,312.3
2014,TOYOTA,TUNDRA,PICKUP TRUCK - STANDARD,5.7,8,AS6,X,17.6,12.9,15.5,18,356,336.06
2014,TOYOTA,TUNDRA 4WD,PICKUP TRUCK - STANDARD,4.6,8,AS6,X,16.9,12.8,15.1,19,347,319.92
2014,TOYOTA,TUNDRA 4WD,PICKUP TRUCK - STANDARD,5.7,8,AS6,X,18.1,13.9,16.2,17,373,342.72
2014,TOYOTA,VENZA,SUV - SMALL,2.7,4,AS6,X,11.4,8.2,10.0,28,230,221.44
2014,TOYOTA,VENZA,SUV - SMALL,3.5,6,AS6,X,12.6,9.1,11.0,26,253,254.24
2014,TOYOTA,VENZA 4WD,SUV - SMALL,2.7,4,AS6,X,11.6,8.5,10.2,28,235,223.35
2014,TOYOTA,VENZA 4WD,SUV - SMALL,3.5,6,AS6,X,12.9,9.4,11.3,25,260,257.1
2014,TOYOTA,YARIS,COMPACT,1.5,4,A4,X,7.9,6.6,7.3,39,168,182.29
2014,TOYOTA,YARIS,COMPACT,1.5,4,M5,X,7.8,6.3,7.1,40,163,180.38
2014,VOLKSWAGEN,BEETLE,COMPACT,1.8,4,A6,X,9.5,7.2,8.5,33,196,197.07
2014,VOLKSWAGEN,BEETLE,COMPACT,1.8,4,M5,X,9.9,7.2,8.7,32,200,198.98
2014,VOLKSWAGEN,BEETLE,COMPACT,2.0,4,A6,Z,10.3,7.7,9.1,31,209,205.03
2014,VOLKSWAGEN,BEETLE,COMPACT,2.0,4,M6,Z,10.8,7.6,9.4,30,216,207.89
2014,VOLKSWAGEN,BEETLE,COMPACT,2.5,5,A6,X,10.9,8.4,9.8,29,225,224.45
2014,VOLKSWAGEN,BEETLE,COMPACT,2.5,5,M5,X,11.2,7.7,9.6,29,221,222.55
2014,VOLKSWAGEN,BEETLE CONVERTIBLE,SUBCOMPACT,1.8,4,A6,X,9.8,7.3,8.7,32,200,198.98
2014,VOLKSWAGEN,BEETLE CONVERTIBLE,SUBCOMPACT,2.0,4,A6,Z,10.3,8.1,9.3,30,214,206.93
2014,VOLKSWAGEN,BEETLE CONVERTIBLE,SUBCOMPACT,2.0,4,M6,Z,10.8,7.6,9.4,30,216,207.89
2014,VOLKSWAGEN,BEETLE CONVERTIBLE,SUBCOMPACT,2.5,5,A6,X,11.2,8.7,10.1,28,232,227.31
2014,VOLKSWAGEN,BEETLE TDI CLEAN DIESEL,COMPACT,2.0,4,A6,D,8.2,6.1,7.3,39,197,187.89
2014,VOLKSWAGEN,BEETLE TDI CLEAN DIESEL,COMPACT,2.0,4,M6,D,8.5,5.8,7.3,39,197,187.89
2014,VOLKSWAGEN,CC,COMPACT,2.0,4,A6,Z,11.1,7.9,9.7,29,223,210.74
2014,VOLKSWAGEN,CC,COMPACT,2.0,4,M6,Z,11.6,7.7,9.8,29,225,211.69
2014,VOLKSWAGEN,CC 4MOTION,COMPACT,3.6,6,A6,Z,14.3,9.8,12.3,23,283,267.74
2014,VOLKSWAGEN,EOS,SUBCOMPACT,2.0,4,A6,Z,10.9,8.0,9.6,29,221,209.79
2014,VOLKSWAGEN,GOLF WAGON,STATION WAGON - SMALL,2.5,5,A6,X,11.0,7.7,9.5,30,218,221.6
2014,VOLKSWAGEN,GOLF WAGON,STATION WAGON - SMALL,2.5,5,M5,X,11.2,7.3,9.4,30,216,220.65
2014,VOLKSWAGEN,GOLF WAGON TDI CLEAN DIESEL,STATION WAGON - SMALL,2.0,4,A6,D,8.2,6.0,7.2,39,194,186.94
2014,VOLKSWAGEN,GOLF WAGON TDI CLEAN DIESEL,STATION WAGON - SMALL,2.0,4,M6,D,7.9,5.6,6.9,41,186,184.08
2014,VOLKSWAGEN,JETTA,COMPACT,1.8,4,A6,X,9.5,6.7,8.2,34,189,194.22
2014,VOLKSWAGEN,JETTA,COMPACT,1.8,4,M5,X,9.4,6.7,8.2,34,189,194.22
2014,VOLKSWAGEN,JETTA,COMPACT,2.0,4,A6,X,10.6,8.0,9.4,30,216,207.89
2014,VOLKSWAGEN,JETTA,COMPACT,2.0,4,M5,X,10.4,7.2,9.0,31,207,204.08
2014,VOLKSWAGEN,JETTA GLI,COMPACT,2.0,4,A6,Z,10.2,7.5,9.0,31,207,204.08
2014,VOLKSWAGEN,JETTA GLI,COMPACT,2.0,4,M6,Z,10.6,7.4,9.2,31,212,205.98
2014,VOLKSWAGEN,JETTA TDI CLEAN DIESEL,COMPACT,2.0,4,A6,D,7.9,5.7,6.9,41,186,184.08
2014,VOLKSWAGEN,JETTA TDI CLEAN DIESEL,COMPACT,2.0,4,M6,D,7.9,5.6,6.9,41,186,184.08
2014,VOLKSWAGEN,JETTA TURBO HYBRID,COMPACT,1.4,4,AM7,Z,5.6,5.2,5.4,52,124,163.08
2014,VOLKSWAGEN,PASSAT,MID-SIZE,1.8,4,A6,X,9.9,6.9,8.6,33,198,198.03
2014,VOLKSWAGEN,PASSAT,MID-SIZE,1.8,4,M5,X,10.0,6.9,8.6,33,198,198.03
2014,VOLKSWAGEN,PASSAT,MID-SIZE,2.5,5,A6,X,11.0,8.0,9.7,29,223,223.5
2014,VOLKSWAGEN,PASSAT,MID-SIZE,2.5,5,M5,X,11.4,7.8,9.8,29,225,224.45
2014,VOLKSWAGEN,PASSAT,MID-SIZE,3.6,6,A6,Z,12.4,8.8,10.8,26,248,253.46
2014,VOLKSWAGEN,PASSAT TDI CLEAN DIESEL,MID-SIZE,2.0,4,A6,D,8.1,5.9,7.1,40,192,185.99
2014,VOLKSWAGEN,PASSAT TDI CLEAN DIESEL,MID-SIZE,2.0,4,M6,D,8.0,5.4,6.8,42,184,183.13
2014,VOLKSWAGEN,ROUTAN,MINIVAN,3.6,6,A6,X,14.2,9.5,12.1,23,278,265.84
2014,VOLKSWAGEN,TIGUAN,SUV - SMALL,2.0,4,A6,Z,11.7,9.5,10.7,26,246,220.26
2014,VOLKSWAGEN,TIGUAN,SUV - SMALL,2.0,4,M6,Z,13.6,9.2,11.6,24,267,228.83
2014,VOLKSWAGEN,TIGUAN 4MOTION,SUV - SMALL,2.0,4,A6,Z,11.7,9.4,10.7,26,246,220.26
2014,VOLKSWAGEN,TOUAREG,SUV - STANDARD,3.6,6,AS8,Z,13.8,10.3,12.2,23,281,266.79
2014,VOLKSWAGEN,TOUAREG TDI CLEAN DIESEL,SUV - STANDARD,3.0,6,AS8,D,12.3,8.0,10.4,27,281,242.93
2014,VOLVO,S60,COMPACT,2.5,5,AS6,X,11.3,7.8,9.7,29,223,223.5
2014,VOLVO,S60 AWD,COMPACT,2.5,5,AS6,X,11.6,8.3,10.1,28,232,227.31
2014,VOLVO,S60 AWD,COMPACT,3.0,6,AS6,X,13.2,9.5,11.5,25,264,253.4
2014,VOLVO,S80,MID-SIZE,3.2,6,AS6,X,11.9,8.1,10.2,28,235,243.26
2014,VOLVO,S80 AWD,MID-SIZE,3.0,6,AS6,X,13.2,9.5,11.5,25,264,253.4
2014,VOLVO,XC60,SUV - SMALL,3.2,6,AS6,X,13.0,8.9,11.2,25,258,252.79
2014,VOLVO,XC60 AWD,SUV - SMALL,3.0,6,AS6,X,13.4,9.8,11.8,24,271,256.26
2014,VOLVO,XC60 AWD,SUV - SMALL,3.2,6,AS6,X,13.2,9.5,11.5,25,264,255.64
2014,VOLVO,XC70 AWD,SUV - SMALL,3.0,6,AS6,X,13.4,9.8,11.8,24,271,256.26
2014,VOLVO,XC70 AWD,SUV - SMALL,3.2,6,AS6,X,12.9,9.3,11.3,25,260,253.74
2014,VOLVO,XC90 AWD,SUV - STANDARD,3.2,6,AS6,X,14.9,10.2,12.8,22,294,268.02
